"labcode","site","latitude","longitude","deltaC13","c14age","c14error","material","coastM","sitename","SiteID"
"SNU00-143","오이도 중간살막 패총",37.34549,126.694897,-21,4790,80,"charcoal",NA,"Junggan-salmak-Oido",1
"SNU00-137","는들",37.48574,126.49186,-20,4270,60,"charcoal",NA,"Nendul",2
"SNU00-138","는들",37.48574,126.49186,-22,4790,80,"charcoal",NA,"Nendul",2
"SNU00-139","는들",37.48574,126.49186,-29,4480,30,"charcoal",NA,"Nendul",2
"SNU00-390","세죽리",35.45971,129.357806,-27.5,5930,110,"charcoal (annual)",NA,"Sejukri",3
"SNU00-48","상촌리",35.21863,127.969302,-19.8,4290,30,"charcoal",NA,"Sangchonri-Daepyeong",4
"SNU01-303","상촌리",35.21863,127.969302,-19.34,4150,60,"charcoal (annual)",NA,"Sangchonri-Daepyeong",4
"SNU01-376","상촌리",35.21863,127.969302,-35.7,4030,40,"charcoal (annual)",NA,"Sangchonri-Daepyeong",4
"SNU01-377","상촌리",35.21863,127.969302,-26.1,4150,30,"charcoal (annual)",NA,"Sangchonri-Daepyeong",4
"SNU01-027","진그늘",35.886225,127.472179,NA,4500,300,"charcoal (annual)",NA,"Jingueneul",5
"SNU01-131","갈머리",35.878166,127.470977,-22.8,3760,80,"charcoal",NA,"Galmeori",6
"SNU01-132","갈머리",35.878166,127.470977,-22.73,4510,40,"charcoal",NA,"Galmeori",6
"SNU01-133","갈머리",35.878166,127.470977,-24.02,4560,40,"charcoal",NA,"Galmeori",6
"SNU01-134","갈머리",35.878166,127.470977,-28.5,4470,40,"charcoal",NA,"Galmeori",6
"SNU01-135","갈머리",35.878166,127.470977,-20.2,4050,40,"charcoal",NA,"Galmeori",6
"SNU01-136","갈머리",35.878166,127.470977,-18,4510,80,"charcoal",NA,"Galmeori",6
"SNU01-137","갈머리",35.878166,127.470977,-18.72,4650,30,"charcoal",NA,"Galmeori",6
"SNU01-138","갈머리",35.878166,127.470977,-18.54,4700,80,"charcoal (annual)",NA,"Galmeori",6
"SNU01-139","갈머리",35.878166,127.470977,-21.5,4200,100,"charcoal",NA,"Galmeori",6
"SNU01-140","갈머리",35.878166,127.470977,-28.9,4460,90,"charcoal",NA,"Galmeori",6
"SNU01-141","갈머리",35.878166,127.470977,-24.8,4540,80,"charcoal",NA,"Galmeori",6
"SNU01-144","동삼동 정화지역",35.07093,129.079771,-26.6,4360,60,"charcoal",NA,"Dongsamdong",7
"SNU01-150","동삼동 정화지역",35.07093,129.079771,-22.6,3910,40,"charcoal",NA,"Dongsamdong",7
"SNU01-163","동삼동 정화지역",35.07093,129.079771,-24.5,5910,50,"charcoal",NA,"Dongsamdong",7
"SNU01-182","진그늘",35.886225,127.472179,NA,4040,100,"charcoal",NA,"jingueneul",8
"SNU01-183","진그늘",35.886225,127.472179,NA,4500,120,"charcoal",NA,"jingueneul",8
"SNU02-455","남북동",37.46085,126.410825,NA,3500,40,"charcoal",NA,"Nambukdong",9
"SNU02-456","남북동",37.46085,126.410825,NA,3840,40,"charcoal",NA,"Nambukdong",9
"SNU02-457","남북동",37.46085,126.410825,NA,4440,50,"charcoal",NA,"Nambukdong",9
"SNU02-458","남북동",37.46085,126.410825,NA,4450,50,"charcoal",NA,"Nambukdong",9
"SNU02-459","남북동",37.46085,126.410825,NA,4650,40,"charcoal",NA,"Nambukdong",9
"SNU02-460","남북동",37.46085,126.410825,NA,4700,60,"charcoal",NA,"Nambukdong",9
"SNU02-461","남북동",37.46085,126.410825,NA,4620,60,"charcoal",NA,"Nambukdong",9
"SNU02-462","용유도 을왕동",37.46216,126.393779,-28,3810,40,"charcoal",NA,"Yongyudo Eulwangdong",10
"SNU02-477","동호동",35.96059,128.558791,-26.5,4700,40,"charcoal",NA,"Donghodong",11
"SNU01-395","동호동",35.96059,128.558791,-24.8,3760,40,"charcoal",NA,"Donghodong",11
"SNU02-395","관평동",36.419974,127.381367,NA,4250,50,"charcoal",NA,"Gwanpyeongdong",12
"SNU02-396","관평동",36.419974,127.381367,NA,4410,80,"charcoal",NA,"Gwanpyeongdong",12
"SNU02-397","관평동",36.419974,127.381367,NA,4370,60,"charcoal",NA,"Gwanpyeongdong",12
"SNU02-713","장흥 신풍",34.800592,126.843544,-35,4680,70,"charcoal",NA,"Jangheung Shinpung",13
"SNU03-296","밀양 살내",35.49571,128.784416,-27.5,4960,40,"charcoal",NA,"Salnae",14
"SNU03-633","오이도 유적 (추가단지내)",37.347473,126.694168,NA,4880,60,"charcoal",NA,"Oido",15
"SNU03-634","오이도 유적 (추가단지내)",37.347473,126.694168,NA,5140,80,"charcoal",NA,"Oido",15
"SNU03-635","오이도 유적 (추가단지내)",37.347473,126.694168,NA,4690,60,"charcoal",NA,"Oido",15
"SNU03-636","오이도 유적 (추가단지내)",37.347473,126.694168,NA,4700,60,"charcoal",NA,"Oido",15
"SNU03-637","오이도 유적 (추가단지내)",37.347473,126.694168,NA,4710,50,"charcoal",NA,"Oido",15
"SNU03-899","내흥동",36.001764,126.760241,-33.3,3880,60,"charcoal",NA,"Naeheungdong",16
"SNU03-255","삼목도",37.48943,126.475788,NA,4700,40,"charcoal",NA,"Sammokdo",17
"SNU03-256","삼목도",37.48943,126.475788,NA,4780,40,"charcoal",NA,"Sammokdo",17
"SNU03-257","삼목도",37.48943,126.475788,NA,4670,80,"charcoal",NA,"Sammokdo",17
"SNU03-258","삼목도",37.48943,126.475788,NA,4800,80,"charcoal",NA,"Sammokdo",17
"SNU03-259","삼목도",37.48943,126.475788,NA,4610,40,"charcoal",NA,"Sammokdo",17
"SNU03-260","삼목도",37.48943,126.475788,NA,4340,50,"charcoal",NA,"Sammokdo",17
"SNU03-261","삼목도",37.48943,126.475788,NA,4310,80,"charcoal",NA,"Sammokdo",17
"SNU03-262","삼목도",37.48943,126.475788,NA,4540,50,"charcoal",NA,"Sammokdo",17
"SNU03-263","삼목도",37.48943,126.475788,NA,4510,50,"charcoal",NA,"Sammokdo",17
"SNU03-264","삼목도",37.48943,126.475788,NA,4480,60,"charcoal",NA,"Sammokdo",17
"SNU05-741","삼목도",37.48943,126.475788,-33.12,4530,50,"charcoal",NA,"Sammokdo",17
"SNU05-742","삼목도",37.48943,126.475788,-15.98,3830,50,"charcoal",NA,"Sammokdo",17
"SNU05-743","삼목도",37.48943,126.475788,-30.98,3840,50,"charcoal",NA,"Sammokdo",17
"SNU05-201","삼목도",37.48943,126.475788,-25.99,4620,40,"charcoal",NA,"Sammokdo",17
"SNU05-204","삼목도",37.48943,126.475788,-27.37,4770,60,"charcoal",NA,"Sammokdo",17
"SNU05-343","비봉리",35.41067,128.645405,-27.36,5330,40,"charcoal",TRUE,"Bibongri",18
"SNU05-344","비봉리",35.41067,128.645405,-25.47,4340,40,"charcoal (annual)",TRUE,"Bibongri",18
"SNU05-345","비봉리",35.41067,128.645405,-22.58,4530,40,"charcoal",TRUE,"Bibongri",18
"SNU05-346","비봉리",35.41067,128.645405,-20.85,4680,50,"charcoal",TRUE,"Bibongri",18
"SNU05-347","비봉리",35.41067,128.645405,-17.15,3600,50,"charcoal",TRUE,"Bibongri",18
"SNU06-201","비봉리",35.41067,128.645405,-30.25,4650,60,"charcoal",TRUE,"Bibongri",18
"SNU06-202","비봉리",35.41067,128.645405,-25.38,3560,60,"charcoal",TRUE,"Bibongri",18
"SNU06-205","비봉리",35.41067,128.645405,-27.58,4420,50,"wood",TRUE,"Bibongri",18
"SNU06-206","비봉리",35.41067,128.645405,-26.81,4900,50,"charcoal (annual)",TRUE,"Bibongri",18
"SNU06-207","비봉리",35.41067,128.645405,-27.74,3540,60,"charcoal",TRUE,"Bibongri",18
"SNU06-209","비봉리",35.41067,128.645405,-26.02,5970,60,"wood",TRUE,"Bibongri",18
"SNU06-1133","성내리",36.8789,127.007758,-23.38,4640,50,"charcoal",NA,"Seongnaeri",19
"SNU06-1135","성내리",36.8789,127.007758,NA,4660,50,"charcoal",NA,"Seongnaeri",19
"SNU06-1027","노대동",35.10135,126.888119,-25.89,4130,50,"charcoal",NA,"Nodaedong",20
"SNU06-1028","노대동",35.10135,126.888119,-24.24,4140,50,"charcoal",NA,"Nodaedong",20
"SNU06-913","방동리",37.82827,128.878506,-25.34,4790,60,"charcoal",NA,"Bangdongri",21
"SNU06-914","방동리",37.82827,128.878506,-28.92,4680,60,"charcoal",NA,"Bangdongri",21
"SNU06-173","호평동 지사을",37.662236,127.249502,-24.75,3930,60,"charcoal",NA,"Jisaeul-Hopyeongdong",22
"SNU06-176","호평동 지사을",37.662236,127.249502,-26.53,3860,50,"charcoal",NA,"Jisaeul-Hopyeongdong",22
"SNU06-177","호평동 지사을",37.662236,127.249502,-29.9,4040,60,"charcoal",NA,"Jisaeul-Hopyeongdong",22
"SNU06-178","호평동 지사을",37.662236,127.249502,-27.08,4050,60,"charcoal",NA,"Jisaeul-Hopyeongdong",22
"SNU06-179","호평동 지사을",37.662236,127.249502,-27.77,3990,60,"charcoal",NA,"Jisaeul-Hopyeongdong",22
"SNU06-180","호평동 지사을",37.662236,127.249502,-31.06,4020,60,"charcoal",NA,"Jisaeul-Hopyeongdong",22
"SNU06-181","호평동 지사을",37.662236,127.249502,NA,2890,50,"charcoal",NA,"Jisaeul-Hopyeongdong",22
"SNU06-182","호평동 지사을",37.662236,127.249502,-34.17,2850,60,"charcoal",NA,"Jisaeul-Hopyeongdong",22
"SNU06-183","호평동 지사을",37.662236,127.249502,-28.83,2880,60,"charcoal",NA,"Jisaeul-Hopyeongdong",22
"SNU06-184","호평동 지사을",37.662236,127.249502,-34.67,3820,60,"charcoal",NA,"Jisaeul-Hopyeongdong",22
"SNU06-185","호평동 지사을",37.662236,127.249502,-23.98,3700,60,"charcoal",NA,"Jisaeul-Hopyeongdong",22
"SNU06-186","호평동 지사을",37.662236,127.249502,-31.93,3930,60,"charcoal",NA,"Jisaeul-Hopyeongdong",22
"SNU06-187","호평동 지사을",37.662236,127.249502,-39.93,3560,120,"charcoal",NA,"Jisaeul-Hopyeongdong",22
"SNU06-188","호평동 지사을",37.662236,127.249502,-31.41,4220,120,"charcoal",NA,"Jisaeul-Hopyeongdong",22
"SNU06-189","호평동 지사을",37.662236,127.249502,-24.13,4090,50,"charcoal",NA,"Jisaeul-Hopyeongdong",22
"SNU06-190","호평동 지사을",37.662236,127.249502,NA,4100,50,"charcoal",NA,"Jisaeul-Hopyeongdong",22
"SNU06-191","호평동 지사을",37.662236,127.249502,-30.45,4130,50,"charcoal",NA,"Jisaeul-Hopyeongdong",22
"SNU06-192","호평동 지사을",37.662236,127.249502,-24.14,4080,50,"charcoal",NA,"Jisaeul-Hopyeongdong",22
"SNU06-193","호평동 지사을",37.662236,127.249502,-27.41,4220,50,"charcoal",NA,"Jisaeul-Hopyeongdong",22
"SNU06-194","호평동 지사을",37.662236,127.249502,-24.29,4080,60,"charcoal",NA,"Jisaeul-Hopyeongdong",22
"SNU06-195","호평동 지사을",37.662236,127.249502,-23,3980,60,"charcoal",NA,"Jisaeul-Hopyeongdong",22
"SNU06-196","호평동 지사을",37.662236,127.249502,-22.51,4170,60,"charcoal",NA,"Jisaeul-Hopyeongdong",22
"SNU06-197","호평동 지사을",37.662236,127.249502,-22.89,4070,50,"charcoal",NA,"Jisaeul-Hopyeongdong",22
"SNU06-791","동망골",37.28683,127.115182,NA,4020,60,"charcoal",NA,"Dongmanggol",23
"SNU06-792","동망골",37.28683,127.115182,NA,4160,80,"charcoal",NA,"Dongmanggol",23
"SNU06-794","동망골",37.28683,127.115182,NA,4200,60,"charcoal",NA,"Dongmanggol",23
"SNU06-1138","주천리 1619번지",37.26524,128.2886,-35.88,3860,60,"charcoal",NA,"Jucheon 1619",24
"SNU06-1139","주천리 1619번지",37.26524,128.2886,-30.96,3920,70,"charcoal",NA,"Jucheon 1619",24
"SNU06-1140","주천리 1619번지",37.26524,128.2886,-27.5,4180,60,"charcoal",NA,"Jucheon 1619",24
"SNU07-525","당동리",37.865239,126.780386,-77.3,3390,100,"charcoal",NA,"Dangdongri",25
"SNU07-466","농서리",37.218375,127.086051,-26.19,4670,50,"charcoal",NA,"Nongseori",26
"SNU07-463","농서리",37.218375,127.086051,-29.19,4360,50,"charcoal",NA,"Nongseori",26
"SNU07-464","농서리",37.218375,127.086051,-23.36,4190,60,"charcoal",NA,"Nongseori",26
"SNU07-462","농서리",37.218375,127.086051,-29.94,4340,50,"charcoal",NA,"Nongseori",26
"SNU07-467","농서리",37.218375,127.086051,-30.51,4830,50,"charcoal",NA,"Nongseori",26
"SNU07-468","농서리",37.218375,127.086051,-33.09,4530,60,"charcoal",NA,"Nongseori",26
"SNU07-469","농서리",37.218375,127.086051,-28.83,4480,60,"charcoal",NA,"Nongseori",26
"SNU07-470","농서리",37.218375,127.086051,-29.77,4370,50,"charcoal",NA,"Nongseori",26
"SNU07-471","농서리",37.218375,127.086051,-31.75,4590,60,"charcoal",NA,"Nongseori",26
"SNU07-472","농서리",37.218375,127.086051,-30.71,4360,50,"charcoal",NA,"Nongseori",26
"SNU07-473","농서리",37.218375,127.086051,-30.05,4350,50,"charcoal",NA,"Nongseori",26
"SNU07-474","농서리",37.218375,127.086051,-27.07,4370,50,"charcoal",NA,"Nongseori",26
"SNU07-475","농서리",37.218375,127.086051,-28.55,4400,60,"charcoal",NA,"Nongseori",26
"SNU07-476","농서리",37.218375,127.086051,-26.99,4510,60,"charcoal",NA,"Nongseori",26
"SNU07-477","농서리",37.218375,127.086051,-29.51,4360,60,"charcoal",NA,"Nongseori",26
"SNU07-207","외삼포리",37.756,127.986494,-27.46,4920,80,"charcoal",NA,"Oesampori",27
"SNU07-208","외삼포리",37.756,127.986494,-27.41,4470,50,"charcoal",NA,"Oesampori",27
"SNU08-480","당동리",37.865239,126.780386,-23.23,3910,50,"charcoal",NA,"Dangdongri",25
"SNU08-479","당동리",37.865239,126.780386,-24.59,3740,50,"charcoal",NA,"Dangdongri",25
"SNU07-107","신길",37.33568,126.785401,NA,4720,50,"charcoal",NA,"Shingil",28
"SNU07-108","신길",37.33568,126.785401,NA,4700,50,"charcoal",NA,"Shingil",28
"SNU07-109","신길",37.33568,126.785401,NA,4710,50,"charcoal",NA,"Shingil",28
"SNU07-110","신길",37.33568,126.785401,NA,4760,50,"charcoal",NA,"Shingil",28
"SNU07-111","신길",37.33568,126.785401,NA,4620,50,"charcoal",NA,"Shingil",28
"SNU07-112","신길",37.33568,126.785401,NA,4600,50,"charcoal",NA,"Shingil",28
"SNU07-113","신길",37.33568,126.785401,NA,4710,50,"charcoal",NA,"Shingil",28
"SNU07-114","신길",37.33568,126.785401,NA,4530,50,"charcoal",NA,"Shingil",28
"SNU07-115","신길",37.33568,126.785401,NA,4610,50,"charcoal",NA,"Shingil",28
"SNU07-116","신길",37.33568,126.785401,NA,4650,50,"charcoal",NA,"Shingil",28
"SNU08-819","제주 삼화지구 가-Ⅱ구역 유적",33.516382,126.584535,-41.42,5740,80,"charcoal",NA,"Samhwa Ga-2",29
"SNU08-820","제주 삼화지구 가-Ⅱ구역 유적",33.516382,126.584535,-23.27,3530,60,"charcoal",NA,"Samhwa Ga-2",29
"SNU08-821","제주 삼화지구 가-Ⅱ구역 유적",33.516382,126.584535,-40.12,5530,80,"charcoal",NA,"Samhwa Ga-2",29
"SNU08-822","제주 삼화지구 가-Ⅱ구역 유적",33.516382,126.584535,-25.89,4790,60,"charcoal",NA,"Samhwa Ga-2",29
"SNU08-823","제주 삼화지구 가-Ⅱ구역 유적",33.516382,126.584535,-17.13,4040,50,"charcoal",NA,"Samhwa Ga-2",29
"SNU08-824","제주 삼화지구 가-Ⅱ구역 유적",33.516382,126.584535,-25.88,3730,60,"charcoal",NA,"Samhwa Ga-2",29
"SNU08-825","제주 삼화지구 가-Ⅱ구역 유적",33.516382,126.584535,-20.15,3980,60,"charcoal",NA,"Samhwa Ga-2",29
"SNU08-827","제주 삼화지구 가-Ⅱ구역 유적",33.516382,126.584535,-33.08,4980,60,"charcoal",NA,"Samhwa Ga-2",29
"SNU08-828","제주 삼화지구 가-Ⅱ구역 유적",33.516382,126.584535,-25.82,4810,50,"charcoal",NA,"Samhwa Ga-2",29
"SNU08-829","제주 삼화지구 가-Ⅱ구역 유적",33.516382,126.584535,-36.58,4940,50,"charcoal",NA,"Samhwa Ga-2",29
"SNU08-830","제주 삼화지구 가-Ⅱ구역 유적",33.516382,126.584535,-34.83,4980,60,"charcoal",NA,"Samhwa Ga-2",29
"SNU08-831","제주 삼화지구 가-Ⅱ구역 유적",33.516382,126.584535,-41.82,5400,80,"charcoal",NA,"Samhwa Ga-2",29
"SNU08-832","제주 삼화지구 가-Ⅱ구역 유적",33.516382,126.584535,-29.57,3700,60,"charcoal",NA,"Samhwa Ga-2",29
"SNU08-833","제주 삼화지구 가-Ⅱ구역 유적",33.516382,126.584535,-34.8,5260,60,"charcoal",NA,"Samhwa Ga-2",29
"SNU08-834","제주 삼화지구 가-Ⅱ구역 유적",33.516382,126.584535,-34.83,5240,60,"charcoal",NA,"Samhwa Ga-2",29
"SNU08-835","제주 삼화지구 가-Ⅱ구역 유적",33.516382,126.584535,-24.8,5060,50,"charcoal",NA,"Samhwa Ga-2",29
"SNU08-836","제주 삼화지구 가-Ⅱ구역 유적",33.516382,126.584535,-33.95,5330,50,"charcoal",NA,"Samhwa Ga-2",29
"SNU08-238","능곡",37.37582,126.811394,-27.68,4730,50,"charcoal",NA,"Neunggok",30
"SNU08-239","능곡",37.37582,126.811394,-32.84,4690,70,"charcoal",NA,"Neunggok",30
"SNU08-240","능곡",37.37582,126.811394,-26.26,4870,50,"charcoal",NA,"Neunggok",30
"SNU08-241","능곡",37.37582,126.811394,-23.66,4830,50,"charcoal",NA,"Neunggok",30
"SNU08-242","능곡",37.37582,126.811394,-27.69,4580,60,"charcoal",NA,"Neunggok",30
"SNU08-243","능곡",37.37582,126.811394,-31.95,4750,60,"charcoal",NA,"Neunggok",30
"SNU08-244","능곡",37.37582,126.811394,-37.57,4520,80,"charcoal",NA,"Neunggok",30
"SNU08-245","능곡",37.37582,126.811394,-26.17,4970,50,"charcoal",NA,"Neunggok",30
"SNU08-247","능곡",37.37582,126.811394,-23.8,4900,50,"charcoal",NA,"Neunggok",30
"SNU08-248","능곡",37.37582,126.811394,-17.5,4840,50,"charcoal",NA,"Neunggok",30
"SNU08-249","능곡",37.37582,126.811394,-27.86,4780,50,"charcoal",NA,"Neunggok",30
"SNU08-250","능곡",37.37582,126.811394,-23.98,4860,50,"charcoal",NA,"Neunggok",30
"SNU08-251","능곡",37.37582,126.811394,-24.78,4800,50,"charcoal",NA,"Neunggok",30
"SNU08-253","능곡",37.37582,126.811394,-36.81,4620,70,"charcoal",NA,"Neunggok",30
"SNU08-R094","운서동 2",37.501765,126.50171,-25.72,4490,60,"charcoal",NA,"Unseodong 2",31
"SNU08-R095","운서동 2",37.501765,126.50171,-33.29,4780,60,"charcoal",NA,"Unseodong 2",31
"SNU08-R096","운서동 2",37.501765,126.50171,-21.74,3140,50,"charcoal",NA,"Unseodong 2",31
"SNU08-R097","운서동 2",37.501765,126.50171,-23.52,3370,50,"charcoal",NA,"Unseodong 2",31
"SNU08-775","중산동",37.485366,126.551862,-20.6,4060,80,"charcoal",NA,"Jungsandong",32
"SNU09-R209","운서동 1",37.495228,126.495015,-22.36,5040,50,"charcoal",NA,"Unseodong 1",33
"SNU09-R210","운서동 1",37.495228,126.495015,-21.49,4550,80,"charcoal",NA,"Unseodong 1",33
"SNU09-R211","운서동 1",37.495228,126.495015,-40.12,4920,80,"charcoal",NA,"Unseodong 1",33
"SNU09-R212","운서동 1",37.495228,126.495015,-23.23,4990,60,"charcoal",NA,"Unseodong 1",33
"SNU09-R213","운서동 1",37.495228,126.495015,-23.23,3360,60,"charcoal",NA,"Unseodong 1",33
"SNU09-R134","평거동",35.16712,128.056004,NA,3550,60,"charcoal",NA,"Pyeonggeodong",34
"SNU09-047","용장리",35.78921,129.205119,-24.95,4500,60,"charcoal",NA,"Yongjangri",35
"SNU09-048","용장리",35.78921,129.205119,-33.64,4560,60,"charcoal",NA,"Yongjangri",35
"SNU09-049","용장리",35.78921,129.205119,-74.5,4360,60,"charcoal",NA,"Yongjangri",35
"SNU10-1255","경서동",37.556148,126.666357,-15.01,4340,50,"charcoal",NA,"Gyeongseodong",36
"SNU10-1256","경서동",37.556148,126.666357,-8.83,4430,40,"charcoal",NA,"Gyeongseodong",36
"SNU10-1258","경서동",37.556148,126.666357,-31.35,4340,50,"charcoal",NA,"Gyeongseodong",36
"SNU10-1097","비봉리",35.41067,128.645405,NA,5560,50,"wood",TRUE,"Bibongri",18
"SNU10-1098","비봉리",35.41067,128.645405,NA,5530,50,"charcoal",TRUE,"Bibongri",18
"SNU10-1099","비봉리",35.41067,128.645405,NA,5270,50,"wood",TRUE,"Bibongri",18
"SNU10-1100","비봉리",35.41067,128.645405,NA,5060,50,"wood",TRUE,"Bibongri",18
"SNU10-1101","비봉리",35.41067,128.645405,NA,6170,50,"wood",TRUE,"Bibongri",18
"SNU10-1102","비봉리",35.41067,128.645405,NA,5990,50,"wood",TRUE,"Bibongri",18
"SNU10-822","중산동",37.494272,126.555682,-24.85,3990,50,"charcoal",NA,"Jungsandong",37
"SNU10-823","중산동",37.494272,126.555682,-24.21,4180,50,"charcoal",NA,"Jungsandong",37
"SNU10-824","중산동",37.494272,126.555682,-25.13,4410,50,"charcoal",NA,"Jungsandong",37
"SNU10-825","중산동",37.494272,126.555682,-29.7,4190,50,"charcoal",NA,"Jungsandong",37
"SNU10-826","중산동",37.494272,126.555682,-23.83,3780,50,"charcoal",NA,"Jungsandong",37
"SNU10-827","중산동",37.494272,126.555682,-33.1,4170,50,"charcoal",NA,"Jungsandong",37
"SNU10-828","중산동",37.494272,126.555682,-23.78,4070,50,"charcoal",NA,"Jungsandong",37
"SNU10-829","중산동",37.494272,126.555682,-21.1,4040,50,"charcoal",NA,"Jungsandong",37
"SNU10-830","중산동",37.494272,126.555682,-24.48,4270,50,"charcoal",NA,"Jungsandong",37
"SNU10-834","중산동",37.494272,126.555682,-31.21,3740,50,"charcoal",NA,"Jungsandong",37
"SNU10-835","중산동",37.494272,126.555682,-25.82,4030,50,"charcoal",NA,"Jungsandong",37
"SNU10-836","중산동",37.494272,126.555682,-23.62,4260,50,"charcoal",NA,"Jungsandong",37
"SNU10-837","중산동",37.494272,126.555682,-26.07,4140,50,"charcoal",NA,"Jungsandong",37
"SNU10-838","중산동",37.494272,126.555682,-25.56,3690,50,"charcoal",NA,"Jungsandong",37
"SNU10-839","중산동",37.494272,126.555682,-25.98,3820,50,"charcoal",NA,"Jungsandong",37
"SNU10-840","중산동",37.494272,126.555682,-26.16,4240,50,"charcoal",NA,"Jungsandong",37
"SNU10-841","중산동",37.494272,126.555682,-26.07,4330,50,"charcoal",NA,"Jungsandong",37
"SNU10-842","중산동",37.494272,126.555682,-32.16,4460,50,"charcoal",NA,"Jungsandong",37
"SNU10-763","지좌리",35.97682,127.982285,-28.07,4220,50,"charcoal",NA,"Jijwari",38
"SNU10-764","지좌리",35.97682,127.982285,-23.96,4040,40,"charcoal",NA,"Jijwari",38
"SNU10-765","지좌리",35.97682,127.982285,-28.96,4160,50,"charcoal",NA,"Jijwari",38
"SNU10-766","지좌리",35.97682,127.982285,-26.61,4420,50,"charcoal",NA,"Jijwari",38
"SNU10-767","지좌리",35.97682,127.982285,-22.25,4410,50,"charcoal",NA,"Jijwari",38
"SNU10-R055","화전",35.11553,126.755333,NA,4380,50,"wood",NA,"Hwajeon",39
"SNU10-R056","화전",35.11553,126.755333,NA,4380,60,"wood",NA,"Hwajeon",39
"SNU11-196","구래리",37.63985,126.627011,-20.23,4530,50,"charcoal",NA,"Guryeri",40
"SNU11-197","구래리",37.63985,126.627011,-23.17,4550,50,"charcoal",NA,"Guryeri",40
"SNU11-R026","삼양동초등학교",33.520659,126.586206,-28.09,5250,60,"charcoal",NA,"Samyangdong",41
"N-3448a","수가리",35.17239,128.867395,NA,4510,105,"charcoal",TRUE,"Sugari",42
"KSU-619","오산리",38.08705,128.661486,NA,6080,210,"charcoal",NA,"Osanri",43
"KSU-616","오산리",38.08705,128.661486,NA,6130,50,"charcoal",NA,"Osanri",43
"KSU-615","오산리",38.08705,128.661486,NA,6070,30,"charcoal",NA,"Osanri",43
"KSU-620","오산리",38.08705,128.661486,NA,5740,210,"charcoal",NA,"Osanri",43
"-","오산리",38.08705,128.661486,NA,4360,50,"charcoal",NA,"Osanri",43
"-","오산리",38.08705,128.661486,NA,4230,50,"charcoal",NA,"Osanri",43
"KAERI-?","암사동",37.56042,127.130145,NA,4610,200,"charcoal",NA,"Amsadong",44
"KCP-144","가평리",38.09464,128.653335,NA,4240,60,"charcoal",NA,"Gapyeongri",45
"KCP-145","가평리",38.09464,128.653335,NA,4570,60,"charcoal",NA,"Gapyeongri",45
"KSU-?","미사리",37.57828,127.201773,NA,5100,140,"charcoal",NA,"Misari",46
"BETA-92374","가도 패총",35.94867,126.569723,-26,5460,60,"charcoal",NA,"Gado",47
"BETA-92372","가도 패총",35.94867,126.569723,-26.7,4830,50,"charcoal",NA,"Gado",47
"Beta-92373","가도 패총",35.94867,126.569723,-29.3,4160,60,"charcoal",NA,"Gado",47
"Beta-92371","가도 패총",35.94867,126.569723,-29.7,4060,60,"charcoal",NA,"Gado",47
"-","관산리",36.40337,126.579359,NA,4810,80,"charcoal",NA,"Gwansanri",48
"-","관산리",36.40337,126.579359,NA,4770,60,"charcoal",NA,"Gwansanri",48
"-","관산리",36.40337,126.579359,NA,4740,70,"charcoal",NA,"Gwansanri",48
"-","관산리",36.40337,126.579359,NA,4210,130,"charcoal",NA,"Gwansanri",48
"-","관창리",36.40337,126.579359,NA,4690,90,"charcoal",NA,"Gwanchangri",49
"-","관창리",36.40337,126.579359,NA,4620,90,"charcoal",NA,"Gwanchangri",49
"-","관창리",36.40337,126.579359,NA,4450,70,"charcoal",NA,"Gwanchangri",49
"-","관창리",36.40337,126.579359,NA,4140,110,"charcoal",NA,"Gwanchangri",49
"KR06-007","송월리",36.579271,126.676917,-28.09,4580,50,"charcoal",NA,"Songwolri",50
"KR06-008","송월리",36.579271,126.676917,-27.15,4360,40,"charcoal",NA,"Songwolri",50
"Beta-188910","상정리",36.502401,126.607934,-25.9,4260,40,"charcoal",NA,"Sangjeongri",51
"Beta-188909","상정리",36.502401,126.607934,-28,4490,110,"charcoal",NA,"Sangjeongri",51
"KR06-059","장재리 안강골",36.791014,127.094497,-28.9,4550,50,"charcoal",NA,"Anganggol-Jangjaeri",52
"GX-27001","봉명동",36.64485,127.457774,-27.7,4490,100,"charcoal",NA,"Bongmeyongdong",53
"-","노은동",36.37162,127.324383,NA,4430,60,"charcoal",NA,"Noeundong",54
"SNU08-191","중산동",37.485366,126.551862,-27.12,4250,60,"charcoal",NA,"Jungsandong",32
"SNU08-197","중산동",37.485366,126.551862,-31.5,4140,50,"charcoal",NA,"Jungsandong",32
"SNU02-074","신월리",36.91401,127.449826,-25.5,3670,50,"charcoal",NA,"Shinworli",55
"SNU12-197","송학리 패총",36.38602,126.486336,-26.51,4240,40,"charcoal",NA,"Songhakri",56
"SNU12-198","송학리 패총",36.38602,126.486336,-28.57,4120,50,"charcoal",NA,"Songhakri",56
"SNU12-200","송학리 패총",36.38602,126.486336,-29.79,4340,60,"charcoal",NA,"Songhakri",56
"SNU12-201","송학리 패총",36.38602,126.486336,-24.42,4540,40,"charcoal",NA,"Songhakri",56
"SNU12-202","송학리 패총",36.38602,126.486336,-27.51,4290,40,"charcoal",NA,"Songhakri",56
"SNU12-203","송학리 패총",36.38602,126.486336,-28.58,4340,50,"charcoal",NA,"Songhakri",56
"SNU12-204","송학리 패총",36.38602,126.486336,-26.19,4470,40,"charcoal",NA,"Songhakri",56
"SNU12-205","송학리 패총",36.38602,126.486336,-29.53,4940,50,"charcoal",NA,"Songhakri",56
"SNU11-1063","오복1패총",34.71931,127.722529,NA,5180,60,"charcoal",NA,"Obok 1",57
"PLD-24965","가동 패총 (구:수가리 패총)",35.1677,128.880103,NA,3850,20,"charcoal",TRUE,"Gadong (Sugari)",58
"PLD-24966","가동 패총 (구:수가리 패총)",35.1677,128.880103,NA,3110,20,"charcoal",TRUE,"Gadong (Sugari)",58
"PLD-24967","가동 패총 (구:수가리 패총)",35.1677,128.880103,NA,3205,20,"charcoal",TRUE,"Gadong (Sugari)",58
"PLD-24968","가동 패총 (구:수가리 패총)",35.1677,128.880103,NA,3240,20,"charcoal",TRUE,"Gadong (Sugari)",58
"BETA-85257","장암패총",36.010213,126.662404,-26.6,5030,60,"charcoal",NA,"Jangam",59
"BETA-85258","장암패총",36.010213,126.662404,-28.5,4860,80,"charcoal",NA,"Jangam",59
"KR08-219","대죽리 패총",36.99651,126.401434,-23.86,4480,60,"charcoal",NA,"Daejukri",60
"KR08-220","대죽리 패총",36.99651,126.401434,-24.51,4460,60,"charcoal",NA,"Daejukri",60
"PLD-7647","송전리 23-1번지 유적",38.08891,128.65608,-28.54,4465,25,"charcoal",NA,"Seongjeonri 23-1",61
"PLD-7648","송전리 23-1번지 유적",38.08891,128.65608,-26.17,4625,30,"charcoal (annual)",NA,"Seongjeonri 23-1",61
"KR06-129","송전리 23-1번지 유적",38.08891,128.65608,-25.25,4600,60,"charcoal",NA,"Seongjeonri 23-1",61
"KR06-130","송전리 23-1번지 유적",38.08891,128.65608,-24.78,4660,60,"charcoal (annual)",NA,"Seongjeonri 23-1",61
"SNU12-656","구월동",37.442453,126.715283,-28.59,3660,50,"charcoal",NA,"Guwoldong",62
"SNU11-530","석교리",37.19639,126.769474,-36.97,4400,70,"charcoal",NA,"Sukgyeori",63
"SNU11-531","석교리",37.19639,126.769474,-23.73,4970,50,"charcoal",NA,"Sukgyeori",63
"SNU11-532","석교리",37.19639,126.769474,-27.02,4630,40,"charcoal",NA,"Sukgyeori",63
"SNU11-533","석교리",37.19639,126.769474,-28.12,4850,50,"charcoal",NA,"Sukgyeori",63
"SNU11-534","석교리",37.19639,126.769474,-25,4540,50,"charcoal",NA,"Sukgyeori",63
"SNU11-542","석교리",37.19639,126.769474,-25.51,4720,50,"charcoal",NA,"Sukgyeori",63
"SNU11-536","석교리",37.19639,126.769474,-27.89,4730,50,"charcoal",NA,"Sukgyeori",63
"SNU11-537","석교리",37.19639,126.769474,-21.45,4650,40,"charcoal",NA,"Sukgyeori",63
"SNU11-538","석교리",37.19639,126.769474,-29.93,4700,50,"charcoal",NA,"Sukgyeori",63
"SNU11-543","석교리",37.19639,126.769474,-25.2,4620,50,"charcoal",NA,"Sukgyeori",63
"SNU11-539","석교리",37.19639,126.769474,-27.9,4700,50,"charcoal",NA,"Sukgyeori",63
"SNU11-544","석교리",37.19639,126.769474,-25.07,4780,50,"charcoal",NA,"Sukgyeori",63
"SNU11-540","석교리",37.19639,126.769474,-26.85,4690,50,"charcoal",NA,"Sukgyeori",63
"SNU11-541","석교리",37.19639,126.769474,-23.95,4310,50,"charcoal",NA,"Sukgyeori",63
"KGM-OWd130411","가락리",36.67117,127.3812,-29.7,4410,40,"charcoal",NA,"Garakri",64
"KCL14-003","한곡리",36.29009,127.808401,-24.6,4000,40,"charcoal",NA,"Hangokri",65
"SNU13-262","우두동",37.91259,127.743298,-23.18,4970,50,"charcoal",NA,"Woodudong",66
"SNU14-218","우두동",37.91259,127.743298,-31.22,4780,60,"charcoal",NA,"Woodudong",66
"KGM-Owd140245","북천리고분(3호분)",35.44518,127.542693,-28.4,2830,40,"charcoal",NA,"Bukcheonri Gobun 3",67
"KR12-146","목리 신리 유적",36.669214,126.67135,-21.6,4710,40,"charcoal",NA,"Mokri-Shinri",68
"KR12-147","목리 신리 유적",36.669214,126.67135,-24.5,4810,40,"charcoal",NA,"Mokri-Shinri",68
"KR12-148","목리 신리 유적",36.669214,126.67135,-25.7,4860,40,"charcoal",NA,"Mokri-Shinri",68
"KR12-149","목리 신리 유적",36.669214,126.67135,-26.8,4700,40,"charcoal",NA,"Mokri-Shinri",68
"Beta-188912","상정리",36.502401,126.607934,-28.4,4390,40,"charcoal",NA,"Seongjeongri",69
"KGM-OWd130234","고산리",33.30523,126.166461,-27.6,5040,40,"charcoal",NA,"Gosanri",70
"KGM-OWd130239","고산리",33.30523,126.166461,-23.4,4560,40,"charcoal",NA,"Gosanri",70
"KGM-OWd130240","고산리",33.30523,126.166461,-21.8,5070,40,"charcoal",NA,"Gosanri",70
"KGM-OWd130248","고산리",33.30523,126.166461,-22.4,5440,40,"charcoal",NA,"Gosanri",70
"KGM-OWd130244","고산리",33.30523,126.166461,-23.4,5070,40,"charcoal",NA,"Gosanri",70
"KGM-OWd130245","고산리",33.30523,126.166461,-27.6,5610,40,"charcoal",NA,"Gosanri",70
"Beta-349643","고산리",33.30523,126.166461,-26,4930,40,"charcoal",NA,"Gosanri",70
"-","고산리",33.30523,126.166461,-23.05,4750,40,"charcoal",NA,"Gosanri",70
"-","고산리",33.30523,126.166461,-28.28,5730,40,"charcoal",NA,"Gosanri",70
"Beta-402811","고산리",33.30523,126.166461,-26.5,5670,30,"charcoal",NA,"Gosanri",70
"Beta-402813","고산리",33.30523,126.166461,-25.8,5010,30,"charcoal",NA,"Gosanri",70
"SNU13-098","증산동",37.47605,129.157982,-26.47,4190,50,"charcoal",NA,"Jeungsandong",71
"SNU13-100","증산동",37.47605,129.157982,-28.55,4120,50,"charcoal",NA,"Jeungsandong",71
"SNU13-101","증산동",37.47605,129.157982,-27.01,4860,50,"charcoal",NA,"Jeungsandong",71
"PLD-7645","오산리",38.08705,128.661486,-28.17,4736,26,"charcoal",NA,"Osanri",43
"PLD-7646","오산리",38.08705,128.661486,-27.87,5804,33,"charcoal",NA,"Osanri",43
"PLD-7793","오산리",38.08705,128.661486,-25.78,5751,24,"charcoal",NA,"Osanri",43
"PLD-7794","오산리",38.08705,128.661486,-25.75,5758,24,"charcoal",NA,"Osanri",43
"PLD-7795","오산리",38.08705,128.661486,-24.76,5770,24,"charcoal",NA,"Osanri",43
"PLD-7796","오산리",38.08705,128.661486,-24.69,5841,27,"charcoal",NA,"Osanri",43
"PLD-7798","오산리",38.08705,128.661486,-27.38,5837,26,"charcoal",NA,"Osanri",43
"PLD-10571","오산리",38.08705,128.661486,-26.92,4767,27,"charcoal",NA,"Osanri",43
"PLD-10572","오산리",38.08705,128.661486,-23,5337,27,"charcoal",NA,"Osanri",43
"PLD-10577","오산리",38.08705,128.661486,-24.35,6004,28,"charcoal",NA,"Osanri",43
"OWd091026","청계리",37.19861,127.101035,-23.6,4190,50,"charcoal",NA,"Cheonggyeri",72
"SNU03-125","용암리",38.09356,127.698218,-24.2,3820,60,"charcoal",NA,"Yongamri",73
"Beta-213101","대천동",35.81868,128.518643,-23.6,4370,40,"charcoal",NA,"Daecheondong",74
"Beta-125031","상서동",36.42821,127.420099,NA,4570,40,"charcoal",NA,"Sangseodong",75
"Beta-125032","상서동",36.42821,127.420099,NA,4570,40,"charcoal",NA,"Sangseodong",75
"SNU10-725","매촌리",35.41716,127.854497,-16.12,3830,50,"charcoal",NA,"Maechonri",76
"SNU05-200","삼목도",37.48943,126.475788,-25.28,4480,50,"charcoal",NA,"Sammokdo",17
"SNU05-202","삼목도",37.48943,126.475788,-26.18,4460,40,"charcoal",NA,"Sammokdo",17
"SNU05-203","삼목도",37.48943,126.475788,-27.52,4740,60,"charcoal",NA,"Sammokdo",17
"SNU09-R013","중산동",37.485366,126.551862,-24.76,3620,50,"charcoal",NA,"Jungsandong",32
"SNU09-012","중산동",37.485366,126.551862,-21.5,3940,80,"charcoal",NA,"Jungsandong",32
"SNU09-R017","중산동",37.485366,126.551862,-23.65,4220,60,"charcoal",NA,"Jungsandong",32
"SNU08-774","중산동",37.485366,126.551862,-39.5,3730,80,"charcoal",NA,"Jungsandong",32
"SNU09-R014","중산동",37.485366,126.551862,-24.43,3650,60,"charcoal",NA,"Jungsandong",32
"SNU09-R015","중산동",37.485366,126.551862,-21.64,3670,50,"charcoal",NA,"Jungsandong",32
"SNU09-R016","중산동",37.485366,126.551862,-27.92,4260,60,"charcoal",NA,"Jungsandong",32
"SNU09-013","중산동",37.485366,126.551862,-20.63,3820,60,"charcoal",NA,"Jungsandong",32
"SNU09-014","중산동",37.485366,126.551862,-21.5,3430,50,"charcoal",NA,"Jungsandong",32
"SNU09-015","중산동",37.485366,126.551862,-35.99,4220,50,"charcoal",NA,"Jungsandong",32
"SNU09-016","중산동",37.485366,126.551862,-32.57,3390,50,"charcoal",NA,"Jungsandong",32
"SNU09-017","중산동",37.485366,126.551862,-32.57,3560,50,"charcoal",NA,"Jungsandong",32
"SNU09-R018","중산동",37.485366,126.551862,-21.04,3290,50,"charcoal",NA,"Jungsandong",32
"OWd090957","중산동",37.485366,126.551862,-21.9,3390,50,"charcoal",NA,"Jungsandong",32
"OWd090959","중산동",37.485366,126.551862,-25.9,3360,50,"charcoal",NA,"Jungsandong",32
"OWd090960","중산동",37.485366,126.551862,-27.1,3370,50,"charcoal",NA,"Jungsandong",32
"OWd090961","중산동",37.485366,126.551862,-26.1,4400,50,"charcoal",NA,"Jungsandong",32
"OWd090964","중산동",37.485366,126.551862,-26.8,3690,50,"charcoal",NA,"Jungsandong",32
"OWd090965","중산동",37.485366,126.551862,-26.6,3720,50,"charcoal",NA,"Jungsandong",32
"OWd090966","중산동",37.485366,126.551862,-26.7,3300,50,"charcoal",NA,"Jungsandong",32
"OWd090967","중산동",37.485366,126.551862,-24.1,3760,50,"charcoal",NA,"Jungsandong",32
"OWd091140","중산동",37.485366,126.551862,-22.8,3710,50,"charcoal",NA,"Jungsandong",32
"OWd091142","중산동",37.485366,126.551862,-24,3300,40,"charcoal",NA,"Jungsandong",32
"OWd091143","중산동",37.485366,126.551862,-24.9,3860,50,"charcoal",NA,"Jungsandong",32
"OWd091146","중산동",37.485366,126.551862,-25.6,4740,50,"charcoal",NA,"Jungsandong",32
"SNU10-R033","왕정리",36.82845,126.453219,-31.45,4520,60,"charcoal",NA,"Wangjeongri",77
"SNU07-135","철통리",38.48997,128.423558,-27.35,4380,60,"charcoal",NA,"Chultongri",78
"SNU07-136","철통리",38.48997,128.423558,-30.7,4210,60,"charcoal",NA,"Chultongri",78
"SNU07-137","철통리",38.48997,128.423558,-27.61,4290,60,"charcoal",NA,"Chultongri",78
"PLD-7636","철통리",38.48997,128.423558,-29.29,4240,30,"charcoal",NA,"Chultongri",78
"PLD-7638","철통리",38.48997,128.423558,-26.34,4285,25,"charcoal",NA,"Chultongri",78
"PLD-7639","철통리",38.48997,128.423558,-27.89,4260,25,"charcoal",NA,"Chultongri",78
"PLD-7640","철통리",38.48997,128.423558,-26.52,4230,30,"charcoal",NA,"Chultongri",78
"PLD-24320","신용리 갓점",36.005359,127.054481,-28.21,4475,20,"charcoal",NA,"Shinyongri-Gatjeom",79
"PLD-24321","신용리 갓점",36.005359,127.054481,-30.36,4395,20,"charcoal",NA,"Shinyongri-Gatjeom",79
"SNU11-441","마륜리 마륜",34.98947,127.54244,-12.2,3010,40,"charcoal",NA,"Maryunri-Maryun",80
"SNU12-139","가덕도 장항",35.05836,128.806817,-22.69,3820,40,"charcoal",NA,"Janghang-Gadeokdo",81
"SNU12-140","가덕도 장항",35.05836,128.806817,-23.67,3730,40,"charcoal",NA,"Janghang-Gadeokdo",81
"SNU12-141","가덕도 장항",35.05836,128.806817,-24.95,2850,40,"charcoal",NA,"Janghang-Gadeokdo",81
"SNU12-142","가덕도 장항",35.05836,128.806817,-25.7,4060,50,"charcoal",NA,"Janghang-Gadeokdo",81
"SNU12-143","가덕도 장항",35.05836,128.806817,-26.41,3100,40,"charcoal",NA,"Janghang-Gadeokdo",81
"SNU12-144","가덕도 장항",35.05836,128.806817,-23.11,5290,50,"charcoal",NA,"Janghang-Gadeokdo",81
"SNU12-145","가덕도 장항",35.05836,128.806817,-31.04,5470,50,"charcoal",NA,"Janghang-Gadeokdo",81
"SNU12-146","가덕도 장항",35.05836,128.806817,-25.94,3000,40,"charcoal",NA,"Janghang-Gadeokdo",81
"PLD-20654","처용리 21번지",35.46517,129.343093,-28.13,3985,25,"charcoal",NA,"Cheoyongri 21",82
"PLD-20655","처용리 21번지",35.46517,129.343093,-27.46,4390,25,"charcoal",NA,"Cheoyongri 21",82
"PLD-17371","안현동",37.80623,128.9045,-25.05,3790,25,"charcoal",NA,"Anhyeondong",83
"PLD-17372","안현동",37.80623,128.9045,-27.33,4150,25,"charcoal",NA,"Anhyeondong",83
"PLD-17373","안현동",37.80623,128.9045,-26.12,3540,25,"charcoal",NA,"Anhyeondong",83
"PLD-17374","안현동",37.80623,128.9045,-27.6,3715,25,"charcoal",NA,"Anhyeondong",83
"PLD-17375","안현동",37.80623,128.9045,-26.02,3485,20,"charcoal",NA,"Anhyeondong",83
"PLD-17376","안현동",37.80623,128.9045,-26.12,3855,25,"charcoal",NA,"Anhyeondong",83
"PLD-17377","안현동",37.80623,128.9045,-26.67,3270,20,"charcoal",NA,"Anhyeondong",83
"PLD-17378","안현동",37.80623,128.9045,-23.44,3425,20,"charcoal",NA,"Anhyeondong",83
"PLD-17379","안현동",37.80623,128.9045,-27.12,3475,20,"charcoal",NA,"Anhyeondong",83
"OWd090223","성산리",37.762104,127.958617,-23.3,4380,40,"charcoal",NA,"Seongsanri",84
"OWd090224","성산리",37.762104,127.958617,-27.2,4480,40,"charcoal",NA,"Seongsanri",84
"SNU07-465","농서리",37.218375,127.086051,-25.76,4270,60,"charcoal",NA,"Nongseori",26
"SNU07-461","농서리",37.218375,127.086051,-28.98,4390,60,"charcoal",NA,"Nongseori",26
"SNU08-481","당동리",37.865239,126.780386,-23.58,3960,50,"charcoal",NA,"Dangdongri",25
"SNU08-482","당동리",37.865239,126.780386,-25.1,3730,60,"charcoal",NA,"Dangdongri",25
"PLD-10630","능곡",37.37582,126.811394,-26.35,4600,30,"charcoal",NA,"Neunggok",30
"PLD-10631","능곡",37.37582,126.811394,-27.41,4660,30,"charcoal",NA,"Neunggok",30
"PLD-10632","능곡",37.37582,126.811394,-27.02,4640,30,"charcoal",NA,"Neunggok",30
"PLD-10633","능곡",37.37582,126.811394,-27.5,4650,30,"charcoal",NA,"Neunggok",30
"PLD-10634","능곡",37.37582,126.811394,-29.87,4665,30,"charcoal",NA,"Neunggok",30
"PLD-10635","능곡",37.37582,126.811394,-28.48,4585,25,"charcoal",NA,"Neunggok",30
"PLD-10636","능곡",37.37582,126.811394,-25.83,4670,25,"charcoal",NA,"Neunggok",30
"PLD-10637","능곡",37.37582,126.811394,-26.81,4730,25,"charcoal",NA,"Neunggok",30
"PLD-10638","능곡",37.37582,126.811394,-27.67,2895,20,"charcoal",NA,"Neunggok",30
"PLD-10639","능곡",37.37582,126.811394,-28.32,4665,25,"charcoal",NA,"Neunggok",30
"PLD-10640","능곡",37.37582,126.811394,-26.55,4740,25,"charcoal",NA,"Neunggok",30
"PLD-10641","능곡",37.37582,126.811394,-26.75,4635,25,"charcoal",NA,"Neunggok",30
"PLD-10642","능곡",37.37582,126.811394,-29.42,4605,25,"charcoal",NA,"Neunggok",30
"PLD-10643","능곡",37.37582,126.811394,-25.89,4630,25,"charcoal",NA,"Neunggok",30
"PLD-10644","능곡",37.37582,126.811394,-26.96,4545,25,"charcoal",NA,"Neunggok",30
"PLD-10645","능곡",37.37582,126.811394,-27.58,4815,25,"charcoal",NA,"Neunggok",30
"Beta-288910","문암리",38.30476,128.544426,-25.9,5790,40,"charcoal",NA,"Munamri",85
"SNU12-R008","문암리",38.30476,128.544426,-20.51,3780,50,"charcoal",NA,"Munamri",85
"SNU12-R009","문암리",38.30476,128.544426,-18.27,4120,40,"charcoal",NA,"Munamri",85
"SNU12-R010","문암리",38.30476,128.544426,-17.83,4450,40,"charcoal",NA,"Munamri",85
"SNU12-R006","문암리",38.30476,128.544426,-19.29,4460,50,"charcoal",NA,"Munamri",85
"Beta-219088","비봉리",35.41067,128.645405,-30.4,5970,40,"charcoal",TRUE,"Bibongri",18
"Beta-219090","비봉리",35.41067,128.645405,-26.7,4500,50,"charcoal (annual)",TRUE,"Bibongri",18
"Beta-219087","비봉리",35.41067,128.645405,-25.5,3450,40,"charcoal",TRUE,"Bibongri",18
"GX-0378","동삼동",35.07093,129.079771,NA,5890,140,"charcoal",NA,"Dongsamdong",7
"GX-0379","동삼동",35.07093,129.079771,NA,4945,130,"charcoal",NA,"Dongsamdong",7
"N-1213","동삼동",35.07093,129.079771,NA,4880,160,"charcoal",NA,"Dongsamdong",7
"AERIK-23","동삼동",35.07093,129.079771,NA,4020,100,"charcoal",NA,"Dongsamdong",7
"AERIK-24","동삼동",35.07093,129.079771,NA,3980,100,"charcoal",NA,"Dongsamdong",7
"AERIK-25","동삼동",35.07093,129.079771,NA,3930,100,"charcoal",NA,"Dongsamdong",7
"AERIK-26","동삼동",35.07093,129.079771,NA,3880,100,"charcoal",NA,"Dongsamdong",7
"AERIK-27","동삼동",35.07093,129.079771,NA,4440,90,"charcoal",NA,"Dongsamdong",7
"AERIK-22","동삼동",35.07093,129.079771,NA,4170,100,"charcoal",NA,"Dongsamdong",7
"-","동삼동",35.07093,129.079771,NA,4110,150,"charcoal",NA,"Dongsamdong",7
"GX-0492","동삼동",35.07093,129.079771,NA,3400,220,"charcoal",NA,"Dongsamdong",7
"GX-0493","동삼동",35.07093,129.079771,NA,3400,120,"charcoal",NA,"Dongsamdong",7
"NUTA-1334","돌산 송도",34.61073,127.717777,NA,5280,170,"charcoal",NA,"Dolsan Songdo",86
"NUTA-1335","돌산 송도",34.61073,127.717777,NA,5430,170,"charcoal",NA,"Dolsan Songdo",86
"-","선유도",35.80741,126.414521,NA,4810,40,"charcoal",NA,"Seonyudo",87
"SNU12-724","대부북동",37.24543,126.579872,-25.68,4640,50,"charcoal",NA,"Daebubukdong",88
"SNU12-725","대부북동",37.24543,126.579872,-27.4,4620,50,"charcoal",NA,"Daebubukdong",88
"SNU12-727","대부북동",37.24543,126.579872,-26.3,4690,50,"charcoal",NA,"Daebubukdong",88
"SNU12-728","대부북동",37.24543,126.579872,-27.31,4590,50,"charcoal",NA,"Daebubukdong",88
"SNU12-729","대부북동",37.24543,126.579872,-26.28,4460,50,"charcoal",NA,"Daebubukdong",88
"SNU12-730","대부북동",37.24543,126.579872,-28.44,4370,60,"charcoal",NA,"Daebubukdong",88
"SNU12-731","대부북동",37.24543,126.579872,-27.24,4630,50,"charcoal",NA,"Daebubukdong",88
"SNU12-732","대부북동",37.24543,126.579872,-25.76,4650,50,"charcoal",NA,"Daebubukdong",88
"SNU12-734","대부북동",37.24543,126.579872,-26.6,4670,50,"charcoal",NA,"Daebubukdong",88
"SNU12-735","대부북동",37.24543,126.579872,-27.55,4520,50,"charcoal",NA,"Daebubukdong",88
"SNU12-737","대부북동",37.24543,126.579872,-26.16,4060,50,"charcoal",NA,"Daebubukdong",88
"SNU12-738","대부북동",37.24543,126.579872,-28.26,4350,50,"charcoal",NA,"Daebubukdong",88
"SNU12-739","대부북동",37.24543,126.579872,-27.98,4390,50,"charcoal",NA,"Daebubukdong",88
"SNU12-740","대부북동",37.24543,126.579872,-25.97,4420,50,"charcoal",NA,"Daebubukdong",88
"SNU12-741","대부북동",37.24543,126.579872,-25.13,4440,50,"charcoal",NA,"Daebubukdong",88
"KSU-617","오이도북부패총군",37.347473,126.694168,-30.56,3900,50,"charcoal",NA,"Oedo North SM",89
"PLD-11555","중산동",37.494272,126.555682,-29.5,4160,25,"charcoal",NA,"Jungsandong",37
"PLD-11556","중산동",37.494272,126.555682,-26.21,4085,25,"charcoal",NA,"Jungsandong",37
"SNU08-192","중산동",37.485366,126.551862,-26.69,4220,50,"charcoal",NA,"Jungsandong",32
"-","중산동",37.485366,126.551862,NA,3840,50,"charcoal",NA,"Jungsandong",32
"SNU02-?","중산동",37.485366,126.551862,NA,3730,50,"charcoal",NA,"Jungsandong",32
"-","중산동",37.485366,126.551862,NA,3350,40,"charcoal",NA,"Jungsandong",32
"-","영종도 운북동",37.52294,126.523263,NA,4500,60,"charcoal",NA,"Unbukdong",90
"-","영종도 운북동",37.52294,126.523263,NA,4240,50,"charcoal",NA,"Unbukdong",90
"-","영종도 운북동",37.52294,126.523263,NA,3590,50,"charcoal",NA,"Unbukdong",90
"-","영종도 운북동",37.52294,126.523263,NA,3540,50,"charcoal",NA,"Unbukdong",90
"-","영종도 운북동",37.52294,126.523263,NA,3150,50,"charcoal",NA,"Unbukdong",90
"-","영종도 운북동",37.52294,126.523263,NA,3770,50,"charcoal",NA,"Unbukdong",90
"SNU02-?","영종도 운북동",37.52294,126.523263,NA,4380,50,"charcoal",NA,"Unbukdong",90
"-","영종도 운북동",37.52294,126.523263,NA,3480,50,"charcoal",NA,"Unbukdong",90
"-","영종도 운북동",37.52294,126.523263,NA,4430,60,"charcoal",NA,"Unbukdong",90
"SNU04-789","용유도 을왕리 IIIA",37.46216,126.393779,-26,4510,90,"charcoal",NA,"Eulwangri IIIA",91
"SNU04-790","용유도 을왕리 IIIA",37.46216,126.393779,-26.6,4220,70,"charcoal",NA,"Eulwangri IIIA",91
"SNU10-550","구래리",37.63985,126.627011,-18.46,4020,50,"charcoal",NA,"Guryeri",40
"KCL15-078","용유도 남북동",37.4625,126.407355,-37.48,3910,60,"charcoal",NA,"Nambukdong",92
"KCL15-080","용유도 남북동",37.4625,126.407355,-22.5,3990,50,"charcoal",NA,"Nambukdong",92
"kcl15-086","용유도 남북동",37.4625,126.407355,-17.99,3590,50,"charcoal",NA,"Nambukdong",92
"KCL15-087","용유도 남북동",37.4625,126.407355,-25.57,3670,50,"charcoal",NA,"Nambukdong",92
"KCL15-082","용유도 남북동",37.4625,126.407355,-22.54,4180,50,"charcoal",NA,"Nambukdong",92
"KCL15-079","용유도 남북동",37.4625,126.407355,-23.14,4240,50,"charcoal",NA,"Nambukdong",92
"KCL15-081","용유도 남북동",37.4625,126.407355,-23.9,4200,50,"charcoal",NA,"Nambukdong",92
"KCL15-083","용유도 남북동",37.4625,126.407355,-21.83,4220,50,"charcoal",NA,"Nambukdong",92
"KCL15-084","용유도 남북동",37.4625,126.407355,-22.09,4240,50,"charcoal",NA,"Nambukdong",92
"KCL15-085","용유도 남북동",37.4625,126.407355,-25.45,3790,50,"charcoal",NA,"Nambukdong",92
"GX-23266","조동리",37.0251,127.962891,NA,4580,175,"charcoal",NA,"Jodongri",93
"GX-22015","조동리",37.0251,127.962891,NA,5295,545,"charcoal",NA,"Jodongri",93
"GX-27010-AMS","조동리",37.0251,127.962891,-27.3,5500,40,"charcoal",NA,"Jodongri",93
"GX-27011","조동리",37.0251,127.962891,-25.4,5150,270,"charcoal",NA,"Jodongri",93
"GX-27009-AMS","조동리",37.0251,127.962891,-27.4,6140,40,"charcoal",NA,"Jodongri",93
"KR06-100","장재리 안강골",36.791014,127.094497,-25.1,4500,80,"charcoal",NA,"Anganggol-Jangjaeri",52
"SNU08-452","아산 백암리 점배골",36.80364,127.041939,-25.28,4470,60,"charcoal",NA,"Baekamri Jumbaegol",94
"SNU08-453","아산 백암리 점배골",36.80364,127.041939,-25.95,4610,80,"charcoal",NA,"Baekamri Jumbaegol",94
"SNU06-623","음성 금석리",36.9913,127.603906,-30.34,4510,50,"charcoal",NA,"Geumsukri",95
"SNU06-624","음성 금석리",36.9913,127.603906,-27.31,4300,60,"charcoal",NA,"Geumsukri",95
"SNU06-521","대천리",36.2864,127.57116,NA,4380,60,"charcoal (annual)",NA,"Daecehonri",96
"-","관평동",36.419974,127.381367,NA,4490,70,"charcoal",NA,"Gwanpyeongdong",12
"OWd080217","공주신관동 관골",36.47643,127.133196,-26.2,4500,50,"charcoal",NA,"Shingwandong",97
"OWd080218","공주신관동 관골",36.47643,127.133196,-27,4480,50,"charcoal",NA,"Shingwandong",97
"OWd080219","공주신관동 관골",36.47643,127.133196,-25.3,4510,50,"charcoal",NA,"Shingwandong",97
"OWd080220","공주신관동 관골",36.47643,127.133196,-25.4,4530,50,"charcoal",NA,"Shingwandong",97
"OWd080221","공주신관동 관골",36.47643,127.133196,-26.1,4500,50,"charcoal",NA,"Shingwandong",97
"OWd080222","공주신관동 관골",36.47643,127.133196,-27.3,4580,50,"charcoal",NA,"Shingwandong",97
"OWd080223","공주신관동 관골",36.47643,127.133196,-27.2,4550,50,"charcoal",NA,"Shingwandong",97
"OWd080224","공주신관동 관골",36.47643,127.133196,-27,4450,50,"charcoal",NA,"Shingwandong",97
"OWd080225","공주신관동 관골",36.47643,127.133196,-28.2,4440,50,"charcoal",NA,"Shingwandong",97
"OWd080226","공주신관동 관골",36.47643,127.133196,-26.9,4420,50,"charcoal",NA,"Shingwandong",97
"OWd080227","공주신관동 관골",36.47643,127.133196,-27.1,4480,50,"charcoal",NA,"Shingwandong",97
"OWd080228","공주신관동 관골",36.47643,127.133196,-26.5,4590,50,"charcoal",NA,"Shingwandong",97
"OWd080229","공주신관동 관골",36.47643,127.133196,-27.6,4520,50,"charcoal",NA,"Shingwandong",97
"GX-26982","공주장원리",36.57383,127.118764,-26.3,4880,220,"charcoal",NA,"Jangwonri",98
"AA1972","학암리",36.38205,126.948643,NA,4409,47,"charcoal",NA,"Hakamri",99
"SNU12-536","효림리",36.676514,126.754532,-27.29,4390,50,"charcoal",NA,"Hyorimri",100
"SNU12-537","효림리",36.676514,126.754532,-28.78,4330,50,"charcoal",NA,"Hyorimri",100
"Owd090719","청원영하리",36.71938,127.579624,-26.4,4420,50,"charcoal",NA,"Younghari",101
"Owd090720","청원영하리",36.71938,127.579624,-26.5,4020,50,"charcoal",NA,"Younghari",101
"Owd090721","청원영하리",36.71938,127.579624,-28.1,4200,50,"charcoal",NA,"Younghari",101
"Owd090722","청원영하리",36.71938,127.579624,-28.2,4360,50,"charcoal",NA,"Younghari",101
"-","관산리",36.40337,126.579359,NA,4710,80,"charcoal",NA,"Gwansanri",48
"SNU06-1136","성내리",36.8789,127.007758,-29.38,4660,60,"charcoal",NA,"Seongnaeri",19
"-","관창리",36.40337,126.579359,NA,4420,70,"charcoal",NA,"Gwanchangri",49
"-","관창리",36.40337,126.579359,NA,4360,50,"charcoal",NA,"Gwanchangri",49
"OWd090583","당진석우리 소소리",36.8224988452999,126.744652106,-30.1,4600,70,"charcoal",NA,"Sukwori-Sosori",102
"OWd090584","당진석우리 소소리",36.8224988452999,126.744652106,-20.2,4340,50,"charcoal",NA,"Sukwori-Sosori",102
"-","대죽리 패총",36.99651,126.401434,NA,4530,60,"charcoal",NA,"Daejukri",60
"-","대죽리 패총",36.99651,126.401434,NA,5150,150,"charcoal",NA,"Daejukri",60
"-","대죽리 패총",36.99651,126.401434,NA,3960,170,"charcoal",NA,"Daejukri",60
"PLD-22359","태안 달산리",36.650731,126.310041,-27.01,5900,25,"charcoal",NA,"Dalsanri",103
"SNU03-894","내흥동",36.001764,126.760241,-31.92,4960,40,"wood",NA,"Naeheungdong",16
"-","오산리",38.08705,128.661486,NA,3260,180,"charcoal",NA,"Osanri",43
"Beta-120738","양양 지경리",37.92861,128.793739,-25,4590,70,"charcoal",NA,"Jigyungri",104
"Beta-120739","양양 지경리",37.92861,128.793739,-25,4420,60,"charcoal",NA,"Jigyungri",104
"Beta-120740","양양 지경리",37.92861,128.793739,-25,4600,80,"charcoal",NA,"Jigyungri",104
"KCP-151","가평리",38.09464,128.653335,NA,4390,60,"charcoal",NA,"Gapyeongri",45
"SNU12-R201","문암리",38.30476,128.544426,-23.7,4480,40,"charcoal",NA,"Munamri",85
"SNU12-R202","문암리",38.30476,128.544426,-23.7,4480,50,"charcoal",NA,"Munamri",85
"SNU12-R013","문암리",38.30476,128.544426,-28.16,4840,60,"charcoal",NA,"Munamri",85
"SNU12-R203","문암리",38.30476,128.544426,-23.7,4600,50,"charcoal",NA,"Munamri",85
"Beta-284063","문암리",38.30476,128.544426,-25.4,4690,40,"charcoal",NA,"Munamri",85
"Beta-288909","문암리",38.30476,128.544426,-26.5,4660,40,"charcoal",NA,"Munamri",85
"Beta-288911","문암리",38.30476,128.544426,-23.7,5710,40,"charcoal",NA,"Munamri",85
"SNU12-R003","문암리",38.30476,128.544426,-17.43,5970,50,"charcoal",NA,"Munamri",85
"SNU12-R011","문암리",38.30476,128.544426,-16.91,4530,50,"charcoal",NA,"Munamri",85
"SNU12-R004","문암리",38.30476,128.544426,-21.98,4520,50,"charcoal",NA,"Munamri",85
"SNU12-R005","문암리",38.30476,128.544426,-14.39,4540,50,"charcoal",NA,"Munamri",85
"SNU12-R199","문암리",38.30476,128.544426,-23.7,4460,50,"charcoal",NA,"Munamri",85
"SNU12-R001","문암리",38.30476,128.544426,-21.46,5220,50,"charcoal",NA,"Munamri",85
"SNU12-R200","문암리",38.30476,128.544426,-23.7,5170,50,"charcoal",NA,"Munamri",85
"SNU12-R197","문암리",38.30476,128.544426,-28.99,4440,50,"charcoal",NA,"Munamri",85
"SNU12-R002","문암리",38.30476,128.544426,-18.62,4270,60,"charcoal",NA,"Munamri",85
"SNU12-R014","문암리",38.30476,128.544426,-25.91,5120,50,"charcoal",NA,"Munamri",85
"SNU12-R194","문암리",38.30476,128.544426,-32.74,5920,70,"charcoal",NA,"Munamri",85
"SNU12-R195","문암리",38.30476,128.544426,-35.68,6030,50,"charcoal",NA,"Munamri",85
"SNU07-133","철통리",38.48997,128.423558,-29.09,4400,50,"charcoal",NA,"Chultongri",78
"SNU04-950","강릉초당동(247번지)",37.78662,128.913946,-34.2,4720,60,"charcoal",NA,"Chodangdong 247",105
"SNU07-122","금진리",37.62803,129.045015,-32.33,3940,60,"charcoal",NA,"Geumjinri",106
"PLD-7625","금진리",37.62803,129.045015,-25.93,4065,25,"charcoal",NA,"Geumjinri",106
"OWd080018","영월 주천리 (375번지)",37.26425,128.287634,-23.8,4330,40,"charcoal",NA,"Jucheonri 375",107
"OWd080019","영월 주천리 (375번지)",37.26425,128.287634,-25.8,4380,50,"charcoal",NA,"Jucheonri 375",107
"OWd080020","영월 주천리 (375번지)",37.26425,128.287634,-22.7,4330,40,"charcoal",NA,"Jucheonri 375",107
"OWd080021","영월 주천리 (375번지)",37.26425,128.287634,-25.5,4450,50,"charcoal",NA,"Jucheonri 375",107
"OWd080022","영월 주천리 (375번지)",37.26425,128.287634,-24.3,4380,50,"charcoal",NA,"Jucheonri 375",107
"OWd080023","영월 주천리 (375번지)",37.26425,128.287634,-26.1,4160,50,"charcoal",NA,"Jucheonri 375",107
"OWd080056","영월 주천리 (375번지)",37.26425,128.287634,-25.6,4360,50,"charcoal",NA,"Jucheonri 375",107
"OWd090049","영월 주천리",37.268115,128.269651,-24.3,4670,50,"charcoal",NA,"Jucheonri",108
"OWd090050","영월 주천리",37.268115,128.269651,-24.5,4840,50,"charcoal",NA,"Jucheonri",108
"OWd090693","평창 용항리",37.402692,128.390323,-26.2,4140,40,"charcoal",NA,"Yonghangri",109
"-","천전리",37.930712,127.777965,-34.2,3730,60,"charcoal",NA,"Chunjeonri",110
"-","영월 연당쌍굴",37.18834,128.406781,NA,3830,40,"charcoal",NA,"Yeondangssanggul",111
"-","영월 연당쌍굴",37.18834,128.406781,NA,4160,80,"charcoal",NA,"Yeondangssanggul",111
"-","영월 연당쌍굴",37.18834,128.406781,NA,4570,80,"charcoal",NA,"Yeondangssanggul",111
"-","영월 연당쌍굴",37.18834,128.406781,NA,4690,80,"charcoal",NA,"Yeondangssanggul",111
"SNU04-415","영월 연당쌍굴",37.18834,128.406781,NA,3800,100,"charcoal",NA,"Yeondangssanggul",111
"-","영월 연당쌍굴",37.18834,128.406781,NA,4010,80,"charcoal",NA,"Yeondangssanggul",111
"SNU04-413","영월 연당쌍굴",37.18834,128.406781,NA,4440,40,"charcoal",NA,"Yeondangssanggul",111
"PLD-16110","원주 반곡동",37.323098,127.983693,-26.65,3790,20,"charcoal",NA,"Bangokdong",112
"PLD-16111","원주 반곡동",37.323098,127.983693,-27.36,4170,20,"charcoal",NA,"Bangokdong",112
"PLD-16112","원주 반곡동",37.323098,127.983693,-26.96,3825,20,"charcoal",NA,"Bangokdong",112
"PLD-15435","춘천 송암동",37.8533,127.693302,-27.42,3890,25,"charcoal",NA,"Chuncheon Songamdong",113
"SNU09-R097","오등동",33.43193,126.555191,-36.38,4330,50,"charcoal",NA,"Odeungdong",114
"SNU09-R098","오등동",33.43193,126.555191,-29.38,5440,80,"charcoal",NA,"Odeungdong",114
"SNU12-R085","한동리",33.54302,126.829856,-21.29,3340,40,"charcoal",NA,"Handongri",115
"SNU12-R082","한동리",33.54302,126.829856,-18.36,2980,40,"charcoal",NA,"Handongri",115
"SNU12-R083","한동리",33.54302,126.829856,-18.06,5030,40,"charcoal",NA,"Handongri",115
"SNU12-R084","한동리",33.54302,126.829856,-21.65,3140,40,"charcoal",NA,"Handongri",115
"Beta-70663","김천 송죽리",36.04246,128.054296,-25,4380,60,"charcoal",NA,"Songjukri",116
"Beta-65988","청도 암음 오진리",35.7086,128.963897,NA,3480,100,"charcoal",NA,"Ojinri",117
"Beta-65989","청도 암음 오진리",35.7086,128.963897,NA,2970,60,"charcoal",NA,"Ojinri",117
"SNU09-503","대구달천리 135",35.88996,128.47795,-24.15,4100,60,"charcoal",NA,"Dalcheonri 135",118
"SNU09-504","대구달천리 135",35.88996,128.47795,-26.78,3620,50,"charcoal",NA,"Dalcheonri 135",118
"PLD-10702","울산중산동 139",35.65115,129.350632,-27.12,4005,30,"charcoal",NA,"Jungsandong 139",119
"PLD-4107","울산 궁근정리",35.61584,129.063367,-27.49,3475,20,"charcoal",NA,"Gunguenjungri",120
"PLD-4108","울산 궁근정리",35.61584,129.063367,-23.5,4405,20,"charcoal",NA,"Gunguenjungri",120
"PLD-4109","울산 궁근정리",35.61584,129.063367,-25.86,4045,20,"charcoal",NA,"Gunguenjungri",120
"PLD-4110","울산 궁근정리",35.61584,129.063367,-25.97,3455,20,"charcoal",NA,"Gunguenjungri",120
"PLD-4111","울산 궁근정리",35.61584,129.063367,-26.52,4345,20,"charcoal",NA,"Gunguenjungri",120
"PLD-4112","울산 궁근정리",35.61584,129.063367,-26.73,3500,20,"charcoal",NA,"Gunguenjungri",120
"PLD-4113","울산 궁근정리",35.61584,129.063367,-26.13,4495,25,"charcoal",NA,"Gunguenjungri",120
"SNU12-R022","진주 평거 4-1지구",35.16712,128.056004,-30.57,4450,50,"charcoal",NA,"Pyeonggeo 4-1",121
"SNU12-R023","진주 평거 4-1지구",35.16712,128.056004,-30.75,4370,50,"charcoal",NA,"Pyeonggeo 4-1",121
"SNU09-R130","진주 평거 3-1지구",35.16712,128.056004,-28.61,3620,60,"charcoal",NA,"Pyeonggeo 3-1",122
"NUTA-1034","합천 봉계리",35.60805,128.031034,NA,4060,150,"charcoal (annual)",NA,"Bonggyeri",123
"SNU11-970","울산 황성동",35.46057,129.362308,-26.05,4700,50,"charcoal",NA,"Hwangseongdo road to new port",124
"SNU11-973","울산 황성동",35.46057,129.362308,-22.34,5030,50,"charcoal",NA,"Hwangseongdo road to new port",124
"SNU11-971","울산 황성동",35.46057,129.362308,-25.78,5090,50,"charcoal",NA,"Hwangseongdo road to new port",124
"SNU11-974","울산 황성동",35.46057,129.362308,-26.49,5120,50,"charcoal",NA,"Hwangseongdo road to new port",124
"SNU11-972","울산 황성동",35.46057,129.362308,-24.96,5410,50,"charcoal",NA,"Hwangseongdo road to new port",124
"SNU11-975","울산 황성동",35.46057,129.362308,-21.7,5370,50,"charcoal",NA,"Hwangseongdo road to new port",124
"SNU11-976","울산 황성동",35.46057,129.362308,-26.69,5440,50,"charcoal",NA,"Hwangseongdo road to new port",124
"SNU11-977","울산 황성동",35.46057,129.362308,-24.21,5480,50,"charcoal",NA,"Hwangseongdo road to new port",124
"SNU11-978","울산 황성동",35.46057,129.362308,-27.74,5320,50,"charcoal",NA,"Hwangseongdo road to new port",124
"SNU11-979","울산 황성동",35.46057,129.362308,-29.46,5510,60,"charcoal",NA,"Hwangseongdo road to new port",124
"SNU11-980","울산 황성동",35.46057,129.362308,-27.97,5280,50,"charcoal",NA,"Hwangseongdo road to new port",124
"SNU11-981","울산 황성동",35.46057,129.362308,-24.29,5500,60,"charcoal",NA,"Hwangseongdo road to new port",124
"SNU11-982","울산 황성동",35.46057,129.362308,-23.21,5470,50,"charcoal",NA,"Hwangseongdo road to new port",124
"Beta-119436","세죽리",35.45971,129.357806,-27.6,4390,60,"wood",NA,"Sejukri",3
"Beta-119433","세죽리",35.45971,129.357806,-28.1,6040,80,"wood",NA,"Sejukri",3
"Beta-119434","세죽리",35.45971,129.357806,-29.3,6020,70,"wood",NA,"Sejukri",3
"SNU05-348","비봉리",35.41067,128.645405,-24.13,2810,60,"charcoal",TRUE,"Bibongri",18
"TO-8783","동삼동 정화지역",35.07093,129.079771,NA,4590,100,"charcoal (annual)",NA,"Dongsamdong",7
"N-1132","동삼동",35.07093,129.079771,NA,5180,130,"charcoal",NA,"Dongsamdong",7
"AERIK-","동삼동",35.07093,129.079771,NA,4950,100,"charcoal",NA,"Dongsamdong",7
"KR10-060","죽변리",37.05676,129.427908,-20.62,6140,60,"charcoal",NA,"Jukbyeonri",125
"KR10-061","죽변리",37.05676,129.427908,-23.24,6150,50,"charcoal",NA,"Jukbyeonri",125
"KR10-062","죽변리",37.05676,129.427908,-23.24,6180,50,"charcoal",NA,"Jukbyeonri",125
"SNU08-R100","죽림동",35.19586,128.900438,-25.21,5130,60,"charcoal",TRUE,"Jukrimdong",126
"SNU08-327","죽림동",35.19586,128.900438,-25.45,4900,50,"charcoal",TRUE,"Jukrimdong",126
"SNU08-328","죽림동",35.19586,128.900438,-22.02,4600,50,"charcoal",TRUE,"Jukrimdong",126
"SNU08-326","죽림동",35.19586,128.900438,-25.4,4780,50,"charcoal",TRUE,"Jukrimdong",126
"-","암사동",37.56042,127.130145,NA,4360,50,"charcoal",NA,"Amsadong",44
"BETA-252973","능곡",37.37582,126.811394,-8.4,4740,40,"charcoal (annual)",NA,"Neunggok",30
"Beta-45536","일산 가와지",37.68687,126.761274,NA,4330,80,"charcoal",NA,"Gawaji (zone 2)",127
"-","일산 주엽리",37.6707,126.75511,NA,4010,25,"charcoal",NA,"Juyeopni",128
"KCCAMS-60748","진주 평거동",35.16712,128.056004,NA,4350,25,"charcoal (annual)",NA,"Pyeonggeodong",34
"KCCAMS-60749","진주 평거동",35.16712,128.056004,NA,4175,25,"charcoal (annual)",NA,"Pyeonggeodong",34
"TO-8608","상촌리",35.21863,127.969302,NA,4060,140,"charcoal (annual)",NA,"Sangchonri-Daepyeong",4
"TO-8607","어은1지구",35.22853,127.949877,NA,4030,100,"charcoal (annual)",NA,"Oun 1",129
"KCP ?","상노대도",34.66963,128.246504,NA,3430,60,"charcoal",NA,"Sangnodaedo",130
"TO-8605","어은1지구",35.22853,127.949877,NA,3610,280,"charcoal (annual)",NA,"Oun 1",129
"SNU99-125","어은1지구",35.22853,127.949877,NA,2850,60,"charcoal (annual)",NA,"Oun 1",129
"SNU99-126","어은1지구",35.22853,127.949877,NA,2830,60,"charcoal (annual)",NA,"Oun 1",129
"TO-8637","어은1지구",35.22853,127.949877,NA,2800,100,"charcoal (annual)",NA,"Oun 1",129
"SNU06-522","대천리",36.2864,127.57116,NA,4590,80,"charcoal (annual)",NA,"Daecheonri",131
"UCI67219","진주 평거동",35.16712,128.056004,NA,3940,20,"charcoal (annual)",NA,"Pyeonggeodong",34
"IAAA71150","진주 평거동",35.16712,128.056004,NA,4320,30,"charcoal (annual)",NA,"Pyeonggeodong",34
"SNU01-305","상촌리",35.21863,127.969302,-26.9,2830,30,"charcoal",NA,"Sangchonri-Daepyeong",4
"Beta-252971","진주 평거동",35.16712,128.056004,-25,4200,40,"charcoal (annual)",NA,"Pyeonggeodong",34
"Beta-252972","진주 평거동",35.16712,128.056004,-10.1,4340,40,"charcoal (annual)",NA,"Pyeonggeodong",34
"UCI68837","진주 평거동",35.16712,128.056004,NA,3595,15,"charcoal (annual)",NA,"Pyeonggeodong",34
"-","오산리",38.08705,128.661486,NA,4360,50,"charcoal",NA,"Osanri",43
"KAERI-186","암사동",37.56042,127.130145,NA,5510,110,"charcoal",NA,"Amsadong",44
"KAERI-189","암사동",37.56042,127.130145,NA,5000,70,"charcoal",NA,"Amsadong",44
"AERIK-?","암사동",37.56042,127.130145,NA,4730,200,"charcoal",NA,"Amsadong",44
"KCP-135","암사동",37.56042,127.130145,NA,4660,70,"charcoal",NA,"Amsadong",44
"-","시도",37.54399,126.431112,NA,3040,59,"charcoal",NA,"Shido",132
"SNU06-916","방동리",37.82827,128.878506,-27.12,4660,60,"charcoal",NA,"Bangdongri",21
"Beta-44978","고남리 패총",36.42001,126.409866,NA,3340,80,"charcoal",NA,"Gonamri",133
"Beta-105626","고남리 패총",36.42001,126.409866,NA,2910,70,"charcoal",NA,"Gonamri",133
"DIS170209WA022","고산리",33.30523,126.166461,-17.3,5270,30,"charcoal",NA,"Gosanri",70
"DIS170209WA023","고산리",33.30523,126.166461,-31.5,5220,30,"charcoal",NA,"Gosanri",70
"-","고산리",33.30523,126.166461,-24.39,4180,40,"charcoal",NA,"Gosanri",70
"-","고산리",33.30523,126.166461,-27.78,4170,40,"charcoal",NA,"Gosanri",70
"-","고산리",33.30523,126.166461,-25.36,5610,40,"charcoal",NA,"Gosanri",70
"-","고산리",33.30523,126.166461,-26.36,4240,40,"charcoal",NA,"Gosanri",70
"-","고산리",33.30523,126.166461,-26.23,4150,40,"charcoal",NA,"Gosanri",70
"-","고산리",33.30523,126.166461,-25.52,4160,40,"charcoal",NA,"Gosanri",70
"-","고산리",33.30523,126.166461,-24.73,4190,40,"charcoal",NA,"Gosanri",70
"-","고산리",33.30523,126.166461,-23.67,4070,40,"charcoal",NA,"Gosanri",70
"-","고산리",33.30523,126.166461,-26.32,4070,40,"charcoal",NA,"Gosanri",70
"-","고산리",33.30523,126.166461,-25.8,4130,40,"charcoal",NA,"Gosanri",70
"-","고산리",33.30523,126.166461,-25.6,5750,50,"charcoal",NA,"Gosanri",70
"-","고산리",33.30523,126.166461,-27.16,4180,50,"charcoal",NA,"Gosanri",70
"-","고산리",33.30523,126.166461,-24.76,4800,40,"charcoal",NA,"Gosanri",70
"-","고산리",33.30523,126.166461,-31.8,4170,20,"charcoal",NA,"Gosanri",70
"-","고산리",33.30523,126.166461,-29.5,4110,20,"charcoal",NA,"Gosanri",70
"-","고산리",33.30523,126.166461,-27.6,4170,20,"charcoal",NA,"Gosanri",70
"-","고산리",33.30523,126.166461,-32.7,4640,30,"charcoal",NA,"Gosanri",70
"-","고산리",33.30523,126.166461,-28.1,4700,20,"charcoal",NA,"Gosanri",70
"-","고산리",33.30523,126.166461,-29.4,4160,20,"charcoal",NA,"Gosanri",70
"-","고산리",33.30523,126.166461,-26,4680,30,"charcoal",NA,"Gosanri",70
"-","고산리",33.30523,126.166461,-30.4,5080,30,"charcoal",NA,"Gosanri",70
"-","고산리",33.30523,126.166461,-29.9,4910,30,"charcoal",NA,"Gosanri",70
"KCP-146","가평리",38.09464,128.653335,NA,3630,60,"charcoal",NA,"Gapyeongri",45
"KCL16-110","오등동2",33.447216,126.525473,-26.08,5500,40,"charcoal",NA,"Odeungdong2",134
"KCL16-111","오등동2",33.447216,126.525473,-26.97,5420,40,"charcoal",NA,"Odeungdong2",134
"-","외도동 181-1",33.48579,126.438568,-26.27,4950,40,"charcoal",NA,"Oedodong 181-1",135
"SNU13-254","금진리 458,458-1",37.631051,129.043744,-24.94,3590,50,"charcoal",NA,"Geumjinri 458,458-1",136
"SNU13-255","금진리 458,458-1",37.631051,129.043744,-24.31,3490,50,"charcoal",NA,"Geumjinri 458,458-1",136
"SNU13-256","금진리 458,458-1",37.631051,129.043744,-24.34,3560,50,"charcoal",NA,"Geumjinri 458,458-1",136
"SNU13-257","금진리 458,458-1",37.631051,129.043744,-26.16,3530,30,"charcoal",NA,"Geumjinri 458,458-1",136
"SNU13-259","금진리 458,458-1",37.631051,129.043744,-26.32,4560,50,"charcoal",NA,"Geumjinri 458,458-1",136
"SNU13-258","금진리 458,458-1",37.631051,129.043744,-28.93,3470,50,"charcoal",NA,"Geumjinri 458,458-1",136
