Entry,Labcode,site_name_kor,site_name_eng,Lat,Long,Context,Material,Material_cmt,13C(0/00),13C(0/00)_range,uncal_bp,uncal_range,seed_association,coast_manual
3,UCL-235,고남리 패총,Gonamri,36.42001,126.409866,strat,shell,,,,4150,250,,
4,UCL-233,고남리 패총,Gonamri,36.42001,126.409866,strat,shell,,,,3200,200,,
5,UCL-237,고남리 패총,Gonamri,36.42001,126.409866,strat,shell,,,,3150,200,,
6,KCP-156,고남리 패총,Gonamri,36.42001,126.409866,strat,shell,,,,3130,60,,
8,SNU00-143,오이도 중간살막 패총,Junggan-salmak-Oido,37.34549,126.694897,outdoor hearth,charcoal,,-21,,4790,80,,
12,SNU00-137,는들,Nendul,37.48574,126.49186,house,charcoal,,-20,,4270,60,,
13,SNU00-138,는들,Nendul,37.48574,126.49186,house,charcoal,,-22,,4790,80,,
14,SNU00-139,는들,Nendul,37.48574,126.49186,house,charcoal,,-29,,4480,30,,
25,SNU00-390,세죽리,Sejukri,35.45971,129.357806,pit,charcoal (annual),acorn,-27.5,,5930,110,,
31,SNU00-403,세죽리,Sejukri,35.45971,129.357806,pit,charcoal,,-23.2,,6740,30,,
32,SNU00-403-1,세죽리,Sejukri,35.45971,129.357806,pit,charcoal,,-23.2,,6440,90,,
34,SNU00-48,상촌리,Sangchonri-Daepyeong,35.21863,127.969302,pit,charcoal,,-19.8,,4290,30,,
36,SNU01-303,상촌리,Sangchonri-Daepyeong,35.21863,127.969302,pit,charcoal (annual),acorn,-19.34,,4150,60,,
37,SNU01-376,상촌리,Sangchonri-Daepyeong,35.21863,127.969302,house,charcoal (annual),walnut,-35.7,,4030,40,,
38,SNU01-377,상촌리,Sangchonri-Daepyeong,35.21863,127.969302,ditch,charcoal (annual),acorn,-26.1,,4150,30,,
44,SNU00-244,노래섬 패총,Noraeseom,35.941432,126.544383,strat,shell,,,,4380,40,,
45,SNU00-245,노래섬 패총,Noraeseom,35.941432,126.544383,strat,shell,,,,3930,40,,
46,KCP-128,노래섬 패총,Noraeseom,35.941432,126.544383,strat,shell,,,,5180,70,,
47,KCP-238,노래섬 패총,Noraeseom,35.941432,126.544383,strat,shell,,,,5046,63,,
48,KCP-240,노래섬 패총,Noraeseom,35.941432,126.544383,strat,shell,,,,4976,60,,
49,KCP-237,노래섬 패총,Noraeseom,35.941432,126.544383,strat,shell,,,,4541,60,,
50,KCP-239,노래섬 패총,Noraeseom,35.941432,126.544383,strat,shell,,,,4090,58,,
51,NUTA2-1993,노래섬 패총,Noraeseom,35.941432,126.544383,strat,shell,,,,4245,25,,
52,NUTA2-1994,노래섬 패총,Noraeseom,35.941432,126.544383,strat,shell,,,,3895,25,,
53,SNU01-027,진그늘,Jingueneul,35.886225,127.472179,acorn accumulation,charcoal (annual),acorn,,,4500,300,,
54,SNU01-131,갈머리,Galmeori,35.878166,127.470977,stone accumulation,charcoal,,-22.8,,3760,80,,
55,SNU01-132,갈머리,Galmeori,35.878166,127.470977,house,charcoal,,-22.73,,4510,40,,
56,SNU01-133,갈머리,Galmeori,35.878166,127.470977,house,charcoal,,-24.02,,4560,40,,
57,SNU01-134,갈머리,Galmeori,35.878166,127.470977,pit,charcoal,,-28.5,,4470,40,,
58,SNU01-135,갈머리,Galmeori,35.878166,127.470977,stone accumulation,charcoal,,-20.2,,4050,40,,
59,SNU01-136,갈머리,Galmeori,35.878166,127.470977,pit,charcoal,,-18,,4510,80,,
60,SNU01-137,갈머리,Galmeori,35.878166,127.470977,house,charcoal,,-18.72,,4650,30,,
61,SNU01-138,갈머리,Galmeori,35.878166,127.470977,house,charcoal (annual),acorn,-18.54,,4700,80,,
62,SNU01-139,갈머리,Galmeori,35.878166,127.470977,pit,charcoal,,-21.5,,4200,100,,
63,SNU01-140,갈머리,Galmeori,35.878166,127.470977,pit,charcoal,,-28.9,,4460,90,,
64,SNU01-141,갈머리,Galmeori,35.878166,127.470977,house,charcoal,,-24.8,,4540,80,,
87,SNU01-144,동삼동 정화지역,Dongsamdong,35.07093,129.079771,house,charcoal,,-26.6,,4360,60,FM BM G,
93,SNU01-150,동삼동 정화지역,Dongsamdong,35.07093,129.079771,strat,charcoal,,-22.6,,3910,40,,
106,SNU01-163,동삼동 정화지역,Dongsamdong,35.07093,129.079771,strat,charcoal,,-24.5,,5910,50,,
116,SNU01-182,진그늘,jingueneul,35.886225,127.472179,stone accumulation,charcoal,,,,4040,100,,
117,SNU01-183,진그늘,jingueneul,35.886225,127.472179,ditch,charcoal,,,,4500,120,,
119,SNU02-455,남북동,Nambukdong,37.46085,126.410825,hearth,charcoal,,,,3500,40,,
120,SNU02-456,남북동,Nambukdong,37.46085,126.410825,hearth,charcoal,,,,3840,40,,
121,SNU02-457,남북동,Nambukdong,37.46085,126.410825,hearth,charcoal,,,,4440,50,,
122,SNU02-458,남북동,Nambukdong,37.46085,126.410825,hearth,charcoal,,,,4450,50,,
123,SNU02-459,남북동,Nambukdong,37.46085,126.410825,hearth,charcoal,,,,4650,40,,
124,SNU02-460,남북동,Nambukdong,37.46085,126.410825,hearth,charcoal,,,,4700,60,,
125,SNU02-461,남북동,Nambukdong,37.46085,126.410825,hearth,charcoal,,,,4620,60,,
127,SNU02-462,용유도 을왕동,Yongyudo Eulwangdong,37.46216,126.393779,hearth,charcoal,,-28,,3810,40,,
128,SNU02-463,용유도 을왕동,Yongyudo Eulwangdong,37.46216,126.393779,strat,shell,oyster,0.3,,4010,60,,
129,SNU02-464,용유도 을왕동,Yongyudo Eulwangdong,37.46216,126.393779,strat,shell,oyster,-0.2,,4080,60,,
131,SNU02-477,동호동,Donghodong,35.96059,128.558791,outdoor hearth,charcoal,,-26.5,,4700,40,,
132,SNU01-395,동호동,Donghodong,35.96059,128.558791,pit,charcoal,,-24.8,,3760,40,,
135,SNU02-395,관평동,Gwanpyeongdong,36.419974,127.381367,house,charcoal,,,,4250,50,,
136,SNU02-396,관평동,Gwanpyeongdong,36.419974,127.381367,house,charcoal,,,,4410,80,,
137,SNU02-397,관평동,Gwanpyeongdong,36.419974,127.381367,house,charcoal,,,,4370,60,,
139,SNU02-713,장흥 신풍,Jangheung Shinpung,34.800592,126.843544,stonecist burial,charcoal,,-35,,4680,70,,
144,SNU03-296,밀양 살내,Salnae,35.49571,128.784416,pit,charcoal,,-27.5,,4960,40,,
146,SNU03-633,오이도 유적 (추가단지내),Oido,37.347473,126.694168,outdoor hearth,charcoal,,,,4880,60,,
147,SNU03-634,오이도 유적 (추가단지내),Oido,37.347473,126.694168,outdoor hearth,charcoal,,,,5140,80,,
148,SNU03-635,오이도 유적 (추가단지내),Oido,37.347473,126.694168,outdoor hearth,charcoal,,,,4690,60,,
149,SNU03-636,오이도 유적 (추가단지내),Oido,37.347473,126.694168,outdoor hearth,charcoal,,,,4700,60,,
150,SNU03-637,오이도 유적 (추가단지내),Oido,37.347473,126.694168,outdoor hearth,charcoal,,,,4710,50,,
151,SNU03-899,내흥동,Naeheungdong,36.001764,126.760241,pit,charcoal,,-33.3,,3880,60,,
166,SNU05-A017,까치산 패총,Kkachisan,37.66406,125.708612,strat,shell,oyster,0.78,,5020,40,,
167,SNU05-A018,까치산 패총,Kkachisan,37.66406,125.708612,strat,shell,oyster,0.97,,5250,70,,
168,SNU05-A019,까치산 패총,Kkachisan,37.66406,125.708612,strat,shell,oyster,1.77,,5370,70,,
169,SNU05-A020,까치산 패총,Kkachisan,37.66406,125.708612,strat,shell,oyster,-4.23,,5060,110,,
170,SNU05-A021,까치산 패총,Kkachisan,37.66406,125.708612,strat,shell,oyster,-10.96,,5090,50,,
171,SNU03-255,삼목도,Sammokdo,37.48943,126.475788,house,charcoal,,,,4700,40,,
172,SNU03-256,삼목도,Sammokdo,37.48943,126.475788,house,charcoal,,,,4780,40,,
173,SNU03-257,삼목도,Sammokdo,37.48943,126.475788,house,charcoal,,,,4670,80,,
174,SNU03-258,삼목도,Sammokdo,37.48943,126.475788,house,charcoal,,,,4800,80,,
175,SNU03-259,삼목도,Sammokdo,37.48943,126.475788,house,charcoal,,,,4610,40,,
176,SNU03-260,삼목도,Sammokdo,37.48943,126.475788,house,charcoal,,,,4340,50,,
177,SNU03-261,삼목도,Sammokdo,37.48943,126.475788,house,charcoal,,,,4310,80,,
178,SNU03-262,삼목도,Sammokdo,37.48943,126.475788,house,charcoal,,,,4540,50,,
179,SNU03-263,삼목도,Sammokdo,37.48943,126.475788,house,charcoal,,,,4510,50,,
180,SNU03-264,삼목도,Sammokdo,37.48943,126.475788,house,charcoal,,,,4480,60,,
181,SNU05-741,삼목도,Sammokdo,37.48943,126.475788,house,charcoal,,-33.12,,4530,50,,
182,SNU05-742,삼목도,Sammokdo,37.48943,126.475788,stone accumulation,charcoal,,-15.98,,3830,50,,
183,SNU05-743,삼목도,Sammokdo,37.48943,126.475788,stone accumulation,charcoal,,-30.98,,3840,50,,
184,SNU05-201,삼목도,Sammokdo,37.48943,126.475788,house,charcoal,,-25.99,,4620,40,,
185,SNU05-204,삼목도,Sammokdo,37.48943,126.475788,house,charcoal,,-27.37,,4770,60,,
186,SNU05-343,비봉리,Bibongri,35.41067,128.645405,strat,charcoal,,-27.36,,5330,40,FM IG BMI,T
187,SNU05-344,비봉리,Bibongri,35.41067,128.645405,pit,charcoal (annual),Quercus (acorn) shell,-25.47,,4340,40,,T
188,SNU05-345,비봉리,Bibongri,35.41067,128.645405,pit,charcoal,,-22.58,,4530,40,,T
189,SNU05-346,비봉리,Bibongri,35.41067,128.645405,pit,charcoal,,-20.85,,4680,50,,T
190,SNU05-347,비봉리,Bibongri,35.41067,128.645405,outdoor hearth,charcoal,,-17.15,,3600,50,,T
191,SNU06-A001,비봉리,Bibongri,35.41067,128.645405,strat,shell,,-15.21,,4550,120,,T
192,SNU06-A002,비봉리,Bibongri,35.41067,128.645405,pit,shell,,-11.86,,5420,150,,T
193,SNU06-201,비봉리,Bibongri,35.41067,128.645405,pit,charcoal,,-30.25,,4650,60,,T
194,SNU06-202,비봉리,Bibongri,35.41067,128.645405,outdoor hearth,charcoal,,-25.38,,3560,60,,T
195,SNU06-203,비봉리,Bibongri,35.41067,128.645405,strat,charcoal,,-29.96,,6270,60,,T
196,SNU06-204,비봉리,Bibongri,35.41067,128.645405,strat,charcoal (annual),Juglans shell (wild walnut),-29.86,,6550,50,,T
197,SNU06-205,비봉리,Bibongri,35.41067,128.645405,pit,wood,Wooden plank,-27.58,,4420,50,,T
198,SNU06-206,비봉리,Bibongri,35.41067,128.645405,pit,charcoal (annual),Juglans shell (wild walnut),-26.81,,4900,50,,T
199,SNU06-207,비봉리,Bibongri,35.41067,128.645405,outdoor hearth,charcoal,,-27.74,,3540,60,,T
200,SNU06-208,비봉리,Bibongri,35.41067,128.645405,strat,charcoal,,-27.82,,6670,60,,T
201,SNU06-209,비봉리,Bibongri,35.41067,128.645405,strat,wood,,-26.02,,5970,60,,T
202,SNU06-210,비봉리,Bibongri,35.41067,128.645405,strat,wood,,-25.62,,6390,60,,T
203,SNU06-306,비봉리,Bibongri,35.41067,128.645405,strat,wood,wooden dugout boat,-26.59,,6800,50,,T
204,SNU06-A006,여서도 패총,Yeoseodo,33.984959,126.922982,strat,shell,,-12.69,,5460,60,,
205,SNU06-A007,여서도 패총,Yeoseodo,33.984959,126.922982,strat,shell,,-12.1,,6050,60,,
206,SNU06-A008,여서도 패총,Yeoseodo,33.984959,126.922982,strat,shell,,-6.19,,5760,80,,
207,SNU06-A009,여서도 패총,Yeoseodo,33.984959,126.922982,strat,shell,,-13.93,,5610,80,,
208,SNU06-A010,여서도 패총,Yeoseodo,33.984959,126.922982,strat,shell,,-1.7,,5480,80,,
209,SNU06-A011,여서도 패총,Yeoseodo,33.984959,126.922982,strat,shell,,-16,,5650,60,,
210,SNU06-A012,여서도 패총,Yeoseodo,33.984959,126.922982,strat,shell,,4.81,,5630,80,,
211,SNU06-A013,여서도 패총,Yeoseodo,33.984959,126.922982,strat,shell,,-10.74,,5600,60,,
213,SNU06-1133,성내리,Seongnaeri,36.8789,127.007758,house,charcoal,,-23.38,,4640,50,,
215,SNU06-1135,성내리,Seongnaeri,36.8789,127.007758,house,charcoal,,,,4660,50,,
216,SNU06-1027,노대동,Nodaedong,35.10135,126.888119,pit,charcoal,,-25.89,,4130,50,,
217,SNU06-1028,노대동,Nodaedong,35.10135,126.888119,pit,charcoal,,-24.24,,4140,50,,
218,SNU06-913,방동리,Bangdongri,37.82827,128.878506,house,charcoal,,-25.34,,4790,60,,
219,SNU06-914,방동리,Bangdongri,37.82827,128.878506,house,charcoal,,-28.92,,4680,60,,
230,SNU06-173,호평동 지사을,Jisaeul-Hopyeongdong,37.662236,127.249502,house,charcoal,,-24.75,,3930,60,,
231,SNU06-176,호평동 지사을,Jisaeul-Hopyeongdong,37.662236,127.249502,house,charcoal,,-26.53,,3860,50,,
232,SNU06-177,호평동 지사을,Jisaeul-Hopyeongdong,37.662236,127.249502,house,charcoal,,-29.9,,4040,60,,
233,SNU06-178,호평동 지사을,Jisaeul-Hopyeongdong,37.662236,127.249502,house,charcoal,,-27.08,,4050,60,,
234,SNU06-179,호평동 지사을,Jisaeul-Hopyeongdong,37.662236,127.249502,house,charcoal,,-27.77,,3990,60,,
235,SNU06-180,호평동 지사을,Jisaeul-Hopyeongdong,37.662236,127.249502,house,charcoal,,-31.06,,4020,60,,
236,SNU06-181,호평동 지사을,Jisaeul-Hopyeongdong,37.662236,127.249502,house,charcoal,,,,2890,50,,
237,SNU06-182,호평동 지사을,Jisaeul-Hopyeongdong,37.662236,127.249502,house,charcoal,,-34.17,,2850,60,,
238,SNU06-183,호평동 지사을,Jisaeul-Hopyeongdong,37.662236,127.249502,outdoor hearth,charcoal,,-28.83,,2880,60,,
239,SNU06-184,호평동 지사을,Jisaeul-Hopyeongdong,37.662236,127.249502,outdoor hearth,charcoal,,-34.67,,3820,60,,
240,SNU06-185,호평동 지사을,Jisaeul-Hopyeongdong,37.662236,127.249502,outdoor hearth,charcoal,,-23.98,,3700,60,,
241,SNU06-186,호평동 지사을,Jisaeul-Hopyeongdong,37.662236,127.249502,outdoor hearth,charcoal,,-31.93,,3930,60,,
242,SNU06-187,호평동 지사을,Jisaeul-Hopyeongdong,37.662236,127.249502,outdoor hearth,charcoal,,-39.93,,3560,120,,
243,SNU06-188,호평동 지사을,Jisaeul-Hopyeongdong,37.662236,127.249502,outdoor hearth,charcoal,,-31.41,,4220,120,,
244,SNU06-189,호평동 지사을,Jisaeul-Hopyeongdong,37.662236,127.249502,outdoor hearth,charcoal,,-24.13,,4090,50,,
245,SNU06-190,호평동 지사을,Jisaeul-Hopyeongdong,37.662236,127.249502,outdoor hearth,charcoal,,,,4100,50,,
246,SNU06-191,호평동 지사을,Jisaeul-Hopyeongdong,37.662236,127.249502,outdoor hearth,charcoal,,-30.45,,4130,50,,
247,SNU06-192,호평동 지사을,Jisaeul-Hopyeongdong,37.662236,127.249502,outdoor hearth,charcoal,,-24.14,,4080,50,,
248,SNU06-193,호평동 지사을,Jisaeul-Hopyeongdong,37.662236,127.249502,outdoor hearth,charcoal,,-27.41,,4220,50,,
249,SNU06-194,호평동 지사을,Jisaeul-Hopyeongdong,37.662236,127.249502,outdoor hearth,charcoal,,-24.29,,4080,60,,
250,SNU06-195,호평동 지사을,Jisaeul-Hopyeongdong,37.662236,127.249502,pit,charcoal,,-23,,3980,60,,
251,SNU06-196,호평동 지사을,Jisaeul-Hopyeongdong,37.662236,127.249502,pit,charcoal,,-22.51,,4170,60,,
252,SNU06-197,호평동 지사을,Jisaeul-Hopyeongdong,37.662236,127.249502,pit,charcoal,,-22.89,,4070,50,,
253,SNU06-791,동망골,Dongmanggol,37.28683,127.115182,pit,charcoal,,,,4020,60,,
254,SNU06-792,동망골,Dongmanggol,37.28683,127.115182,pit,charcoal,,,,4160,80,,
255,SNU06-794,동망골,Dongmanggol,37.28683,127.115182,pit,charcoal,,,,4200,60,,
258,SNU06-1138,주천리 1619번지,Jucheon 1619,37.26524,128.2886,outdoor hearth,charcoal,,-35.88,,3860,60,,
259,SNU06-1139,주천리 1619번지,Jucheon 1619,37.26524,128.2886,outdoor hearth,charcoal,,-30.96,,3920,70,,
260,SNU06-1140,주천리 1619번지,Jucheon 1619,37.26524,128.2886,outdoor hearth,charcoal,,-27.5,,4180,60,,
264,SNU07-A024,안도 패총,Ando,34.4878,127.798902,pit,shell,,-0.88,,4490,60,,
265,SNU07-A025,안도 패총,Ando,34.4878,127.798902,pit,shell,,-8.46,,6650,80,,
266,SNU07-A026,안도 패총,Ando,34.4878,127.798902,hearth,shell,,-8.48,,5370,60,,
267,SNU07-A027,안도 패총,Ando,34.4878,127.798902,hearth,shell,,-1.5,,6780,60,,
268,SNU07-525,당동리,Dangdongri,37.865239,126.780386,house,charcoal,,-77.3,,3390,100,,
269,SNU07-466,농서리,Nongseori,37.218375,127.086051,house,charcoal,,-26.19,,4670,50,,
270,SNU07-463,농서리,Nongseori,37.218375,127.086051,house,charcoal,,-29.19,,4360,50,,
271,SNU07-464,농서리,Nongseori,37.218375,127.086051,house,charcoal,,-23.36,,4190,60,,
272,SNU07-462,농서리,Nongseori,37.218375,127.086051,house,charcoal,,-29.94,,4340,50,,
273,SNU07-467,농서리,Nongseori,37.218375,127.086051,house,charcoal,,-30.51,,4830,50,,
274,SNU07-468,농서리,Nongseori,37.218375,127.086051,house,charcoal,,-33.09,,4530,60,,
275,SNU07-469,농서리,Nongseori,37.218375,127.086051,house,charcoal,,-28.83,,4480,60,,
276,SNU07-470,농서리,Nongseori,37.218375,127.086051,house,charcoal,,-29.77,,4370,50,,
277,SNU07-471,농서리,Nongseori,37.218375,127.086051,house,charcoal,,-31.75,,4590,60,,
278,SNU07-472,농서리,Nongseori,37.218375,127.086051,house,charcoal,,-30.71,,4360,50,,
279,SNU07-473,농서리,Nongseori,37.218375,127.086051,house,charcoal,,-30.05,,4350,50,,
280,SNU07-474,농서리,Nongseori,37.218375,127.086051,house,charcoal,,-27.07,,4370,50,,
281,SNU07-475,농서리,Nongseori,37.218375,127.086051,house,charcoal,,-28.55,,4400,60,,
282,SNU07-476,농서리,Nongseori,37.218375,127.086051,pit,charcoal,,-26.99,,4510,60,,
283,SNU07-477,농서리,Nongseori,37.218375,127.086051,pit,charcoal,,-29.51,,4360,60,,
284,SNU07-207,외삼포리,Oesampori,37.756,127.986494,house,charcoal,,-27.46,,4920,80,,
285,SNU07-208,외삼포리,Oesampori,37.756,127.986494,house,charcoal,,-27.41,,4470,50,,
290,SNU08-480,당동리,Dangdongri,37.865239,126.780386,outdoor hearth,charcoal,,-23.23,,3910,50,,
291,SNU08-479,당동리,Dangdongri,37.865239,126.780386,outdoor hearth,charcoal,,-24.59,,3740,50,,
292,SNU07-107,신길,Shingil,37.33568,126.785401,house,charcoal,,,,4720,50,,
293,SNU07-108,신길,Shingil,37.33568,126.785401,house,charcoal,,,,4700,50,,
294,SNU07-109,신길,Shingil,37.33568,126.785401,house,charcoal,,,,4710,50,,
295,SNU07-110,신길,Shingil,37.33568,126.785401,house,charcoal,,,,4760,50,,
296,SNU07-111,신길,Shingil,37.33568,126.785401,house,charcoal,,,,4620,50,,
297,SNU07-112,신길,Shingil,37.33568,126.785401,house,charcoal,,,,4600,50,,
298,SNU07-113,신길,Shingil,37.33568,126.785401,house,charcoal,,,,4710,50,,
299,SNU07-114,신길,Shingil,37.33568,126.785401,house,charcoal,,,,4530,50,,
300,SNU07-115,신길,Shingil,37.33568,126.785401,house,charcoal,,,,4610,50,,
301,SNU07-116,신길,Shingil,37.33568,126.785401,house,charcoal,,,,4650,50,,
303,SNU08-819,제주 삼화지구 가-Ⅱ구역 유적,Samhwa Ga-2,33.516382,126.584535,pit,charcoal,,-41.42,,5740,80,,
304,SNU08-820,제주 삼화지구 가-Ⅱ구역 유적,Samhwa Ga-2,33.516382,126.584535,pit,charcoal,,-23.27,,3530,60,,
305,SNU08-821,제주 삼화지구 가-Ⅱ구역 유적,Samhwa Ga-2,33.516382,126.584535,pit,charcoal,,-40.12,,5530,80,,
306,SNU08-822,제주 삼화지구 가-Ⅱ구역 유적,Samhwa Ga-2,33.516382,126.584535,pit,charcoal,,-25.89,,4790,60,,
307,SNU08-823,제주 삼화지구 가-Ⅱ구역 유적,Samhwa Ga-2,33.516382,126.584535,pit,charcoal,,-17.13,,4040,50,,
308,SNU08-824,제주 삼화지구 가-Ⅱ구역 유적,Samhwa Ga-2,33.516382,126.584535,pit,charcoal,,-25.88,,3730,60,,
309,SNU08-825,제주 삼화지구 가-Ⅱ구역 유적,Samhwa Ga-2,33.516382,126.584535,pit,charcoal,,-20.15,,3980,60,,
310,SNU08-827,제주 삼화지구 가-Ⅱ구역 유적,Samhwa Ga-2,33.516382,126.584535,pit,charcoal,,-33.08,,4980,60,,
311,SNU08-828,제주 삼화지구 가-Ⅱ구역 유적,Samhwa Ga-2,33.516382,126.584535,pit,charcoal,,-25.82,,4810,50,,
312,SNU08-829,제주 삼화지구 가-Ⅱ구역 유적,Samhwa Ga-2,33.516382,126.584535,pit,charcoal,,-36.58,,4940,50,,
313,SNU08-830,제주 삼화지구 가-Ⅱ구역 유적,Samhwa Ga-2,33.516382,126.584535,pit,charcoal,,-34.83,,4980,60,,
314,SNU08-831,제주 삼화지구 가-Ⅱ구역 유적,Samhwa Ga-2,33.516382,126.584535,pit,charcoal,,-41.82,,5400,80,,
315,SNU08-832,제주 삼화지구 가-Ⅱ구역 유적,Samhwa Ga-2,33.516382,126.584535,pit,charcoal,,-29.57,,3700,60,,
316,SNU08-833,제주 삼화지구 가-Ⅱ구역 유적,Samhwa Ga-2,33.516382,126.584535,pit,charcoal,,-34.8,,5260,60,,
317,SNU08-834,제주 삼화지구 가-Ⅱ구역 유적,Samhwa Ga-2,33.516382,126.584535,pit,charcoal,,-34.83,,5240,60,,
318,SNU08-835,제주 삼화지구 가-Ⅱ구역 유적,Samhwa Ga-2,33.516382,126.584535,pit,charcoal,,-24.8,,5060,50,,
319,SNU08-836,제주 삼화지구 가-Ⅱ구역 유적,Samhwa Ga-2,33.516382,126.584535,pit,charcoal,,-33.95,,5330,50,,
320,SNU08-842,제주 삼화지구 가-Ⅱ구역 유적,Samhwa Ga-2,33.516382,126.584535,pit,charcoal,,-29.29,,2510,60,,
327,SNU08-238,능곡,Neunggok,37.37582,126.811394,house,charcoal,,-27.68,,4730,50,,
328,SNU08-239,능곡,Neunggok,37.37582,126.811394,house,charcoal,,-32.84,,4690,70,,
329,SNU08-240,능곡,Neunggok,37.37582,126.811394,house,charcoal,,-26.26,,4870,50,,
330,SNU08-241,능곡,Neunggok,37.37582,126.811394,house,charcoal,,-23.66,,4830,50,,
331,SNU08-242,능곡,Neunggok,37.37582,126.811394,house,charcoal,,-27.69,,4580,60,,
332,SNU08-243,능곡,Neunggok,37.37582,126.811394,house,charcoal,,-31.95,,4750,60,,
333,SNU08-244,능곡,Neunggok,37.37582,126.811394,house,charcoal,,-37.57,,4520,80,,
334,SNU08-245,능곡,Neunggok,37.37582,126.811394,house,charcoal,,-26.17,,4970,50,,
335,SNU08-247,능곡,Neunggok,37.37582,126.811394,house,charcoal,,-23.8,,4900,50,,
336,SNU08-248,능곡,Neunggok,37.37582,126.811394,house,charcoal,,-17.5,,4840,50,,
337,SNU08-249,능곡,Neunggok,37.37582,126.811394,house,charcoal,,-27.86,,4780,50,,
338,SNU08-250,능곡,Neunggok,37.37582,126.811394,house,charcoal,,-23.98,,4860,50,FM G BM G Azuki G,
339,SNU08-251,능곡,Neunggok,37.37582,126.811394,house,charcoal,,-24.78,,4800,50,,
340,SNU08-253,능곡,Neunggok,37.37582,126.811394,house,charcoal,,-36.81,,4620,70,,
357,SNU08-R094,운서동 2,Unseodong 2,37.501765,126.50171,hearth,charcoal,,-25.72,,4490,60,,
358,SNU08-R095,운서동 2,Unseodong 2,37.501765,126.50171,house,charcoal,,-33.29,,4780,60,,
359,SNU08-R096,운서동 2,Unseodong 2,37.501765,126.50171,house,charcoal,,-21.74,,3140,50,,
360,SNU08-R097,운서동 2,Unseodong 2,37.501765,126.50171,house,charcoal,,-23.52,,3370,50,,
362,SNU08-775,중산동,Jungsandong,37.485366,126.551862,outdoor hearth,charcoal,,-20.6,,4060,80,,
363,SNU09-R209,운서동 1,Unseodong 1,37.495228,126.495015,house,charcoal,,-22.36,,5040,50,,
364,SNU09-R210,운서동 1,Unseodong 1,37.495228,126.495015,house,charcoal,,-21.49,,4550,80,,
365,SNU09-R211,운서동 1,Unseodong 1,37.495228,126.495015,house,charcoal,,-40.12,,4920,80,,
366,SNU09-R212,운서동 1,Unseodong 1,37.495228,126.495015,house,charcoal,,-23.23,,4990,60,,
367,SNU09-R213,운서동 1,Unseodong 1,37.495228,126.495015,house,charcoal,,-23.23,,3360,60,,
368,SNU09-R134,평거동,Pyeonggeodong,35.16712,128.056004,outdoor hearth,charcoal,,,,3550,60,,
369,SNU09-047,용장리,Yongjangri,35.78921,129.205119,pit,charcoal,,-24.95,,4500,60,,
370,SNU09-048,용장리,Yongjangri,35.78921,129.205119,pit,charcoal,,-33.64,,4560,60,,
371,SNU09-049,용장리,Yongjangri,35.78921,129.205119,pit,charcoal,,-74.5,,4360,60,,
381,SNU10-1255,경서동,Gyeongseodong,37.556148,126.666357,house,charcoal,,-15.01,,4340,50,,
382,SNU10-1256,경서동,Gyeongseodong,37.556148,126.666357,house,charcoal,,-8.83,,4430,40,,
383,SNU10-1258,경서동,Gyeongseodong,37.556148,126.666357,house,charcoal,,-31.35,,4340,50,,
385,SNU10-1097,비봉리,Bibongri,35.41067,128.645405,strat,wood,,,,5560,50,,T
386,SNU10-1098,비봉리,Bibongri,35.41067,128.645405,strat,charcoal,,,,5530,50,FM IG BMI,T
387,SNU10-1099,비봉리,Bibongri,35.41067,128.645405,strat,wood,,,,5270,50,FM IG BMI,T
388,SNU10-1100,비봉리,Bibongri,35.41067,128.645405,strat,wood,,,,5060,50,,T
389,SNU10-1101,비봉리,Bibongri,35.41067,128.645405,strat,wood,,,,6170,50,,T
390,SNU10-1102,비봉리,Bibongri,35.41067,128.645405,strat,wood,,,,5990,50,,T
391,SNU10-1103,비봉리,Bibongri,35.41067,128.645405,strat,wood,,,,6250,50,,T
392,SNU10-1105,비봉리,Bibongri,35.41067,128.645405,strat,wood,,,,6580,50,,T
393,SNU10-1106,비봉리,Bibongri,35.41067,128.645405,strat,wood,,,,6560,50,,T
394,SNU10-1107,비봉리,Bibongri,35.41067,128.645405,strat,wood,,,,6430,50,,T
395,SNU10-1108,비봉리,Bibongri,35.41067,128.645405,strat,wood,,,,6570,50,,T
396,SNU10-1109,비봉리,Bibongri,35.41067,128.645405,strat,wood,,,,6870,50,,T
397,SNU10-1110,비봉리,Bibongri,35.41067,128.645405,strat,wood,,,,6910,50,,T
398,SNU10-1111,비봉리,Bibongri,35.41067,128.645405,strat,wood,,,,7000,50,,T
399,SNU10-1112,비봉리,Bibongri,35.41067,128.645405,strat,wood,,,,6850,50,,T
400,SNU10-A013,비봉리,Bibongri,35.41067,128.645405,strat,shell,,,,5100,50,,T
401,SNU10-A014,비봉리,Bibongri,35.41067,128.645405,strat,shell,,,,6250,50,,T
402,SNU10-A015,비봉리,Bibongri,35.41067,128.645405,strat,shell,,,,6600,50,,T
403,SNU10-A016,비봉리,Bibongri,35.41067,128.645405,strat,shell,,,,7010,60,,T
404,SNU10-822,중산동,Jungsandong,37.494272,126.555682,house,charcoal,,-24.85,,3990,50,,
405,SNU10-823,중산동,Jungsandong,37.494272,126.555682,house,charcoal,,-24.21,,4180,50,,
406,SNU10-824,중산동,Jungsandong,37.494272,126.555682,house,charcoal,,-25.13,,4410,50,,
407,SNU10-825,중산동,Jungsandong,37.494272,126.555682,house,charcoal,,-29.7,,4190,50,,
408,SNU10-826,중산동,Jungsandong,37.494272,126.555682,outdoor hearth,charcoal,,-23.83,,3780,50,,
409,SNU10-827,중산동,Jungsandong,37.494272,126.555682,outdoor hearth,charcoal,,-33.1,,4170,50,,
410,SNU10-828,중산동,Jungsandong,37.494272,126.555682,outdoor hearth,charcoal,,-23.78,,4070,50,,
411,SNU10-829,중산동,Jungsandong,37.494272,126.555682,outdoor hearth,charcoal,,-21.1,,4040,50,,
412,SNU10-830,중산동,Jungsandong,37.494272,126.555682,outdoor hearth,charcoal,,-24.48,,4270,50,,
413,SNU10-834,중산동,Jungsandong,37.494272,126.555682,house,charcoal,,-31.21,,3740,50,FM G,
414,SNU10-835,중산동,Jungsandong,37.494272,126.555682,house,charcoal,,-25.82,,4030,50,,
415,SNU10-836,중산동,Jungsandong,37.494272,126.555682,house,charcoal,,-23.62,,4260,50,FM G,
416,SNU10-837,중산동,Jungsandong,37.494272,126.555682,house,charcoal,,-26.07,,4140,50,,
417,SNU10-838,중산동,Jungsandong,37.494272,126.555682,house,charcoal,,-25.56,,3690,50,,
418,SNU10-839,중산동,Jungsandong,37.494272,126.555682,outdoor hearth,charcoal,,-25.98,,3820,50,,
419,SNU10-840,중산동,Jungsandong,37.494272,126.555682,house,charcoal,,-26.16,,4240,50,,
420,SNU10-841,중산동,Jungsandong,37.494272,126.555682,house,charcoal,,-26.07,,4330,50,,
421,SNU10-842,중산동,Jungsandong,37.494272,126.555682,house,charcoal,,-32.16,,4460,50,,
432,SNU10-763,지좌리,Jijwari,35.97682,127.982285,house,charcoal,,-28.07,,4220,50,,
433,SNU10-764,지좌리,Jijwari,35.97682,127.982285,kiln,charcoal,,-23.96,,4040,40,,
434,SNU10-765,지좌리,Jijwari,35.97682,127.982285,kiln,charcoal,,-28.96,,4160,50,,
435,SNU10-766,지좌리,Jijwari,35.97682,127.982285,kiln,charcoal,,-26.61,,4420,50,,
436,SNU10-767,지좌리,Jijwari,35.97682,127.982285,kiln,charcoal,,-22.25,,4410,50,,
446,SNU10-R055,화전,Hwajeon,35.11553,126.755333,,wood,,,,4380,50,,
447,SNU10-R056,화전,Hwajeon,35.11553,126.755333,,wood,,,,4380,60,,
453,SNU11-196,구래리,Guryeri,37.63985,126.627011,house,charcoal,,-20.23,,4530,50,,
454,SNU11-197,구래리,Guryeri,37.63985,126.627011,house,charcoal,,-23.17,,4550,50,,
455,SNU11-R026,삼양동초등학교,Samyangdong,33.520659,126.586206,strat,charcoal,,-28.09,,5250,60,,
465,-,상노대도,Sangnodaedo,34.66963,128.246504,strat,charcoal,,,,6430,180,,
472,N-3456,수가리,Sugari,35.17239,128.867395,strat,shell,,,,4290,90,,T
473,N-3457,수가리,Sugari,35.17239,128.867395,strat,shell,,,,4380,70,,T
474,N-3452,수가리,Sugari,35.17239,128.867395,strat,shell,,,,4430,90,,T
475,N-3448b,수가리,Sugari,35.17239,128.867395,strat,shell,,,,4490,70,,T
476,N-3448a,수가리,Sugari,35.17239,128.867395,pit,charcoal,,,,4510,105,,T
477,KSU-515,오산리,Osanri,38.08705,128.661486,strat,charcoal,,,,7050,120,,
478,KSU-492,오산리,Osanri,38.08705,128.661486,strat,charcoal,,,,7120,70,,
479,KSU-494,오산리,Osanri,38.08705,128.661486,strat,charcoal,,,,6780,1000,,
480,KSU-619,오산리,Osanri,38.08705,128.661486,strat,charcoal,,,,6080,210,,
481,KSU-616,오산리,Osanri,38.08705,128.661486,strat,charcoal,,,,6130,50,,
482,KSU-615,오산리,Osanri,38.08705,128.661486,strat,charcoal,,,,6070,30,,
483,KSU-620,오산리,Osanri,38.08705,128.661486,strat,charcoal,,,,5740,210,,
484,-,오산리,Osanri,38.08705,128.661486,house,charcoal,,,,4360,50,,
485,-,오산리,Osanri,38.08705,128.661486,house,charcoal,,,,4230,50,,
489,KAERI-?,암사동,Amsadong,37.56042,127.130145,house,charcoal,,,,4610,200,,
497,KCP-144,가평리,Gapyeongri,38.09464,128.653335,strat,charcoal,,,,4240,60,,
498,KCP-145,가평리,Gapyeongri,38.09464,128.653335,house,charcoal,,,,4570,60,,
502,KSU-442,소야도,Soyado,37.22304,126.162997,strat,shell,,,,3750,40,,
506,KSU-?,미사리,Misari,37.57828,127.201773,strat,charcoal,,,,5100,140,,
509,BETA-92374,가도 패총,Gado,35.94867,126.569723,strat,charcoal,,-26,,5460,60,,
510,BETA-92372,가도 패총,Gado,35.94867,126.569723,strat,charcoal,,-26.7,,4830,50,,
511,KCP 116,가도 패총,Gado,35.94867,126.569723,strat,shell,,,,4640,70,,
512,Beta-92373,가도 패총,Gado,35.94867,126.569723,strat,charcoal,,-29.3,,4160,60,,
513,Beta-92371,가도 패총,Gado,35.94867,126.569723,strat,charcoal,,-29.7,,4060,60,,
514,KCP 115,가도 패총,Gado,35.94867,126.569723,strat,shell,,,,3840,70,,
515,KCP 117,가도 패총,Gado,35.94867,126.569723,strat,shell,,,,3160,60,,
516,-,관산리,Gwansanri,36.40337,126.579359,pit,charcoal,,,,4810,80,,
517,-,관산리,Gwansanri,36.40337,126.579359,pit,charcoal,,,,4770,60,,
518,-,관산리,Gwansanri,36.40337,126.579359,pit,charcoal,,,,4740,70,,
519,-,관산리,Gwansanri,36.40337,126.579359,pit,charcoal,,,,4210,130,,
520,-,관창리,Gwanchangri,36.40337,126.579359,house,charcoal,,,,4690,90,,
521,-,관창리,Gwanchangri,36.40337,126.579359,house,charcoal,,,,4620,90,,
522,-,관창리,Gwanchangri,36.40337,126.579359,house,charcoal,,,,4450,70,,
523,-,관창리,Gwanchangri,36.40337,126.579359,house,charcoal,,,,4140,110,,
526,KCP 111,띠섬,Ddeuseom,35.96319,126.559735,strat,shell,,,,4280,60,,
530,KR06-007,송월리,Songwolri,36.579271,126.676917,house,charcoal,,-28.09,,4580,50,,
531,KR06-008,송월리,Songwolri,36.579271,126.676917,house,charcoal,,-27.15,,4360,40,,
532,Beta-188910,상정리,Sangjeongri,36.502401,126.607934,house,charcoal,,-25.9,,4260,40,,
533,Beta-188909,상정리,Sangjeongri,36.502401,126.607934,house,charcoal,,-28,,4490,110,,
536,KR06-059,장재리 안강골,Anganggol-Jangjaeri,36.791014,127.094497,house,charcoal,,-28.9,,4550,50,FM G BM G,
537,GX-27001,봉명동,Bongmeyongdong,36.64485,127.457774,house,charcoal,,-27.7,,4490,100,,
538,-,노은동,Noeundong,36.37162,127.324383,pit,charcoal,,,,4430,60,,
539,SNU08-191,중산동,Jungsandong,37.485366,126.551862,house,charcoal,,-27.12,,4250,60,,
540,SNU08-197,중산동,Jungsandong,37.485366,126.551862,house,charcoal,,-31.5,,4140,50,,
541,KCP527,대죽리 패총,Daejukri,36.99651,126.401434,strat,shell,,,,4170,60,,
544,KCP592,모이도,Moido,37.64537,125.716858,house,shell,,,,2790,60,,
545,SNU02-074,신월리,Shinworli,36.91401,127.449826,house,charcoal,,-25.5,,3670,50,,
546,KCP539,소연평도,Soyeongpyeongdo,37.60969,125.711845,strat,shell,,,,4030,60,,
547,KCP540,소연평도,Soyeongpyeongdo,37.60969,125.711845,strat,shell,,,,3980,60,,
560,SNU12-197,송학리 패총,Songhakri,36.38602,126.486336,strat,charcoal,,-26.51,,4240,40,,
561,SNU12-198,송학리 패총,Songhakri,36.38602,126.486336,strat,charcoal,,-28.57,,4120,50,,
562,SNU12-200,송학리 패총,Songhakri,36.38602,126.486336,strat,charcoal,,-29.79,,4340,60,,
563,SNU12-201,송학리 패총,Songhakri,36.38602,126.486336,strat,charcoal,,-24.42,,4540,40,,
564,SNU12-202,송학리 패총,Songhakri,36.38602,126.486336,strat,charcoal,,-27.51,,4290,40,,
565,SNU12-203,송학리 패총,Songhakri,36.38602,126.486336,strat,charcoal,,-28.58,,4340,50,,
566,SNU12-204,송학리 패총,Songhakri,36.38602,126.486336,strat,charcoal,,-26.19,,4470,40,,
567,SNU12-205,송학리 패총,Songhakri,36.38602,126.486336,strat,charcoal,,-29.53,,4940,50,,
568,SNU11-A016,오사리,Osari,35.0213,127.779297,strat,shell,,0.08,,3760,50,,
569,SNU11-A017,오사리,Osari,35.0213,127.779297,strat,shell,,0.18,,3910,50,,
570,SNU11-A018,오사리,Osari,35.0213,127.779297,strat,shell,,-12.03,,3690,70,,
571,SNU11-A019,오사리,Osari,35.0213,127.779297,strat,shell,,-10.11,,5270,80,,
572,SNU11-A-020,오사리,Osari,35.0213,127.779297,strat,shell,,0.42,,5010,50,,
573,SNU11-A037,오복1패총,Obok 1,34.71931,127.722529,strat,shell,oyster,,,6090,50,,
574,SNU11-A038,오복1패총,Obok 1,34.71931,127.722529,strat,shell,oyster,,,5630,50,,
575,SNU11-A039,오복1패총,Obok 1,34.71931,127.722529,strat,shell,oyster,,,5480,50,,
576,SNU11-1063,오복1패총,Obok 1,34.71931,127.722529,pit,charcoal,,,,5180,60,,
577,PLD-24965,가동 패총 (구:수가리 패총),Gadong (Sugari),35.1677,128.880103,outdoor hearth,charcoal,,,,3850,20,,T
578,PLD-24966,가동 패총 (구:수가리 패총),Gadong (Sugari),35.1677,128.880103,pit,charcoal,,,,3110,20,,T
579,PLD-24967,가동 패총 (구:수가리 패총),Gadong (Sugari),35.1677,128.880103,pit,charcoal,,,,3205,20,,T
580,PLD-24968,가동 패총 (구:수가리 패총),Gadong (Sugari),35.1677,128.880103,pit,charcoal,,,,3240,20,,T
581,SNU03-k049,외1리 패총,Oe-1-ri,37.24479,126.480005,strat,shell,,1.5,,5630,30,,
582,SNU03-k050,외1리 패총,Oe-1-ri,37.24479,126.480005,strat,shell,,-8.2,,5680,60,,
583,SNU03-k051,외1리 패총,Oe-1-ri,37.24479,126.480005,strat,shell,,0.6,,5680,40,,
584,SNU03-k052,외1리 패총,Oe-1-ri,37.24479,126.480005,strat,shell,,0.7,,5200,50,,
585,SNU03-k053,외1리 패총,Oe-1-ri,37.24479,126.480005,strat,shell,,-14,,4260,60,,
586,SNU03-k054,외1리 패총,Oe-1-ri,37.24479,126.480005,strat,shell,,5.2,,5310,120,,
587,SNU03-k055,외1리 패총,Oe-1-ri,37.24479,126.480005,strat,shell,,-9.8,,5280,80,,
588,SNU03-k056,외1리 패총,Oe-1-ri,37.24479,126.480005,strat,shell,,-1.5,,5570,60,,
589,SNU03-k057,외1리 패총,Oe-1-ri,37.24479,126.480005,strat,shell,,0.3,,5100,120,,
590,SNU03-k058,외1리 패총,Oe-1-ri,37.24479,126.480005,strat,shell,,4.3,,5540,80,,
591,OWd090554,비봉리,Bibongri,35.41065,128.645479,,wood,,-27.1,,2470,50,,T
592,OWd090555,비봉리,Bibongri,35.41065,128.645479,,wood,,-25.6,,2610,50,,T
593,OWd090556,비봉리,Bibongri,35.41065,128.645479,,wood,,-26.5,,2630,50,,T
594,BETA-85257,장암패총,Jangam,36.010213,126.662404,activity area,charcoal,,-26.6,,5030,60,,
595,BETA-85258,장암패총,Jangam,36.010213,126.662404,activity area,charcoal,,-28.5,,4860,80,,
596,BETA-85259,장암패총,Jangam,36.010213,126.662404,strat,shell,,-1.3,,4170,70,,
597,BETA-85260,장암패총,Jangam,36.010213,126.662404,strat,shell,,-1.1,,3800,70,,
598,KR08-219,대죽리 패총,Daejukri,36.99651,126.401434,strat,charcoal,,-23.86,,4480,60,,
599,KR08-220,대죽리 패총,Daejukri,36.99651,126.401434,strat,charcoal,,-24.51,,4460,60,,
600,PLD-7647,송전리 23-1번지 유적,Seongjeonri 23-1,38.08891,128.65608,house,charcoal,,-28.54,,4465,25,BM I,
601,PLD-7648,송전리 23-1번지 유적,Seongjeonri 23-1,38.08891,128.65608,house,charcoal (annual),acorn,-26.17,,4625,30,FM I BM I Azuki I?,
602,KR06-129,송전리 23-1번지 유적,Seongjeonri 23-1,38.08891,128.65608,house,charcoal,,-25.25,,4600,60,BM I,
603,KR06-130,송전리 23-1번지 유적,Seongjeonri 23-1,38.08891,128.65608,house,charcoal (annual),aocrn,-24.78,,4660,60,FM I BM I Azuki I?,
604,SNU12-656,구월동,Guwoldong,37.442453,126.715283,outdoor hearth,charcoal,,-28.59,,3660,50,,
605,SNU11-530,석교리,Sukgyeori,37.19639,126.769474,house,charcoal,,-36.97,,4400,70,,
606,SNU11-531,석교리,Sukgyeori,37.19639,126.769474,house,charcoal,,-23.73,,4970,50,,
607,SNU11-532,석교리,Sukgyeori,37.19639,126.769474,house,charcoal,,-27.02,,4630,40,,
608,SNU11-533,석교리,Sukgyeori,37.19639,126.769474,house,charcoal,,-28.12,,4850,50,,
609,SNU11-534,석교리,Sukgyeori,37.19639,126.769474,house,charcoal,,-25,,4540,50,,
610,SNU11-542,석교리,Sukgyeori,37.19639,126.769474,house,charcoal,,-25.51,,4720,50,,
611,SNU11-536,석교리,Sukgyeori,37.19639,126.769474,house,charcoal,,-27.89,,4730,50,,
612,SNU11-537,석교리,Sukgyeori,37.19639,126.769474,house,charcoal,,-21.45,,4650,40,,
613,SNU11-538,석교리,Sukgyeori,37.19639,126.769474,house,charcoal,,-29.93,,4700,50,,
614,SNU11-543,석교리,Sukgyeori,37.19639,126.769474,house,charcoal,,-25.2,,4620,50,,
615,SNU11-539,석교리,Sukgyeori,37.19639,126.769474,house,charcoal,,-27.9,,4700,50,,
616,SNU11-544,석교리,Sukgyeori,37.19639,126.769474,house,charcoal,,-25.07,,4780,50,,
617,SNU11-540,석교리,Sukgyeori,37.19639,126.769474,house,charcoal,,-26.85,,4690,50,,
618,SNU11-541,석교리,Sukgyeori,37.19639,126.769474,outdoor hearth,charcoal,,-23.95,,4310,50,,
619,KGM-OWd130411,가락리,Garakri,36.67117,127.3812,house,charcoal,,-29.7,,4410,40,,
620,KCL14-003,한곡리,Hangokri,36.29009,127.808401,house,charcoal,,-24.6,,4000,40,,
621,SNU13-262,우두동,Woodudong,37.91259,127.743298,house,charcoal,,-23.18,,4970,50,,
622,SNU14-218,우두동,Woodudong,37.91259,127.743298,house,charcoal,,-31.22,,4780,60,,
624,KGM-Owd140245,북천리고분(3호분),Bukcheonri Gobun 3,35.44518,127.542693,house,charcoal,,-28.4,,2830,40,,
625,SNU11-A034,내동 패총,Naedong,34.70781,127.724975,strat,shell,,2.01,,3670,40,,
626,SNU11-A035,내동 패총,Naedong,34.70781,127.724975,strat,shell,,-0.52,,4490,120,,
627,SNU11-A036,내동 패총,Naedong,34.70781,127.724975,strat,shell,,0.91,,4560,50,,
628,KR12-146,목리 신리 유적,Mokri-Shinri,36.669214,126.67135,house,charcoal,,-21.6,,4710,40,,
629,KR12-147,목리 신리 유적,Mokri-Shinri,36.669214,126.67135,house,charcoal,,-24.5,,4810,40,,
630,KR12-148,목리 신리 유적,Mokri-Shinri,36.669214,126.67135,house,charcoal,,-25.7,,4860,40,,
631,KR12-149,목리 신리 유적,Mokri-Shinri,36.669214,126.67135,house,charcoal,,-26.8,,4700,40,,
635,Beta-188912,상정리,Seongjeongri,36.502401,126.607934,house,charcoal,,-28.4,,4390,40,,
639,KGM-OWd130233,고산리,Gosanri,33.30523,126.166461,house,charcoal,,-27.3,,8750,50,,
640,KGM-OWd130234,고산리,Gosanri,33.30523,126.166461,pit,charcoal,,-27.6,,5040,40,,
641,KGM-OWd130236,고산리,Gosanri,33.30523,126.166461,pit,charcoal,,-20,,8650,50,,
642,KGM-OWd130237,고산리,Gosanri,33.30523,126.166461,outdoor hearth,charcoal,,-22.5,,8660,50,,
643,KGM-OWd130238,고산리,Gosanri,33.30523,126.166461,outdoor hearth,charcoal,,-20.9,,8540,50,,
644,Beta-349641,고산리,Gosanri,33.30523,126.166461,outdoor hearth,charcoal,,-21.7,,8480,40,,
645,KGM-OWd130239,고산리,Gosanri,33.30523,126.166461,pit,charcoal,,-23.4,,4560,40,,
646,KGM-OWd130240,고산리,Gosanri,33.30523,126.166461,pit,charcoal,,-21.8,,5070,40,,
647,KGM-OWd130242,고산리,Gosanri,33.30523,126.166461,pit,charcoal,,-24.5,,8630,50,,
648,KGM-OWd130243,고산리,Gosanri,33.30523,126.166461,pit,charcoal,,-21.6,,8560,50,,
649,KGM-OWd130247,고산리,Gosanri,33.30523,126.166461,pit,charcoal,,-26.8,,8660,50,,
650,KGM-OWd130248,고산리,Gosanri,33.30523,126.166461,house,charcoal,,-22.4,,5440,40,,
651,KGM-OWd130235,고산리,Gosanri,33.30523,126.166461,outdoor hearth,charcoal,,-24.6,,8610,50,,
652,KGM-OWd130241,고산리,Gosanri,33.30523,126.166461,outdoor hearth,charcoal,,-19.6,,8600,50,,
653,KGM-OWd130244,고산리,Gosanri,33.30523,126.166461,pit,charcoal,,-23.4,,5070,40,,
654,KGM-OWd130245,고산리,Gosanri,33.30523,126.166461,ditch,charcoal,,-27.6,,5610,40,,
655,KGM-OWd130246,고산리,Gosanri,33.30523,126.166461,pit,charcoal,,-20.8,,8690,50,,
656,Beta-349640,고산리,Gosanri,33.30523,126.166461,outdoor hearth,charcoal,,-24,,8700,40,,
657,Beta-349642,고산리,Gosanri,33.30523,126.166461,outdoor hearth,charcoal,,-22.2,,8650,40,,
658,Beta-349643,고산리,Gosanri,33.30523,126.166461,pit,charcoal,,-26,,4930,40,,
660,-,고산리,Gosanri,33.30523,126.166461,house,charcoal,,-23.05,,4750,40,,
661,-,고산리,Gosanri,33.30523,126.166461,pit,charcoal,,-37.66,,7180,50,,
662,-,고산리,Gosanri,33.30523,126.166461,pit,charcoal,,-26.65,,8560,50,,
663,-,고산리,Gosanri,33.30523,126.166461,pit,charcoal,,-24.52,,8310,50,,
664,-,고산리,Gosanri,33.30523,126.166461,pit,charcoal,,-33.01,,7310,50,,
665,-,고산리,Gosanri,33.30523,126.166461,pit,charcoal,,-28.28,,5730,40,,
666,-,고산리,Gosanri,33.30523,126.166461,pit,charcoal,,-29.32,,6370,40,,
667,-,고산리,Gosanri,33.30523,126.166461,house,charcoal,,-27.64,,7580,40,,
668,Beta-402811,고산리,Gosanri,33.30523,126.166461,pit,charcoal,,-26.5,,5670,30,,
670,Beta-402813,고산리,Gosanri,33.30523,126.166461,house,charcoal,,-25.8,,5010,30,,
671,SNU13-098,증산동,Jeungsandong,37.47605,129.157982,outdoor hearth,charcoal,,-26.47,,4190,50,,
672,SNU13-100,증산동,Jeungsandong,37.47605,129.157982,outdoor hearth,charcoal,,-28.55,,4120,50,,
673,SNU13-101,증산동,Jeungsandong,37.47605,129.157982,outdoor hearth,charcoal,,-27.01,,4860,50,,
674,PLD-7645,오산리,Osanri,38.08705,128.661486,house,charcoal,,-28.17,,4736,26,,
675,PLD-7646,오산리,Osanri,38.08705,128.661486,house,charcoal,,-27.87,,5804,33,Azuki I,
676,PLD-7793,오산리,Osanri,38.08705,128.661486,house,charcoal,,-25.78,,5751,24,,
677,PLD-7794,오산리,Osanri,38.08705,128.661486,house,charcoal,,-25.75,,5758,24,,
678,PLD-7795,오산리,Osanri,38.08705,128.661486,house,charcoal,,-24.76,,5770,24,,
679,PLD-7796,오산리,Osanri,38.08705,128.661486,house,charcoal,,-24.69,,5841,27,,
680,PLD-7797,오산리,Osanri,38.08705,128.661486,house,charcoal,,-28.12,,6599,26,,
681,PLD-7798,오산리,Osanri,38.08705,128.661486,strat,charcoal,,-27.38,,5837,26,,
683,PLD-10571,오산리,Osanri,38.08705,128.661486,outdoor hearth,charcoal,,-26.92,,4767,27,,
684,PLD-10572,오산리,Osanri,38.08705,128.661486,outdoor hearth,charcoal,,-23,,5337,27,,
685,PLD-10573,오산리,Osanri,38.08705,128.661486,strat,charcoal,,-26.34,,6727,32,,
686,PLD-10574,오산리,Osanri,38.08705,128.661486,strat,charcoal,,-26.4,,46877,523,,
687,PLD-10575,오산리,Osanri,38.08705,128.661486,strat,charcoal,,-26.98,,6718,30,,
688,PLD-10576,오산리,Osanri,38.08705,128.661486,house,charcoal,,-25.6,,6749,30,,
689,PLD-10577,오산리,Osanri,38.08705,128.661486,strat,charcoal,,-24.35,,6004,28,,
692,OWd091026,청계리,Cheonggyeri,37.19861,127.101035,house,charcoal,,-23.6,,4190,50,,
693,SNU03-125,용암리,Yongamri,38.09356,127.698218,outdoor hearth,charcoal,,-24.2,,3820,60,,
694,Beta-213101,대천동,Daecheondong,35.81868,128.518643,house,charcoal,,-23.6,,4370,40,,
695,Beta-125031,상서동,Sangseodong,36.42821,127.420099,aboveground feature,charcoal,,,,4570,40,,
696,Beta-125032,상서동,Sangseodong,36.42821,127.420099,aboveground feature,charcoal,,,,4570,40,,
697,SNU10-725,매촌리,Maechonri,35.41716,127.854497,outdoor hearth,charcoal,,-16.12,,3830,50,,
698,SNU05-200,삼목도,Sammokdo,37.48943,126.475788,house,charcoal,,-25.28,,4480,50,,
699,SNU05-202,삼목도,Sammokdo,37.48943,126.475788,house,charcoal,,-26.18,,4460,40,,
700,SNU05-203,삼목도,Sammokdo,37.48943,126.475788,house,charcoal,,-27.52,,4740,60,,
701,SNU09-R013,중산동,Jungsandong,37.485366,126.551862,outdoor hearth,charcoal,,-24.76,,3620,50,,
702,SNU09-012,중산동,Jungsandong,37.485366,126.551862,outdoor hearth,charcoal,,-21.5,,3940,80,,
703,SNU09-R017,중산동,Jungsandong,37.485366,126.551862,outdoor hearth,charcoal,,-23.65,,4220,60,,
704,SNU08-774,중산동,Jungsandong,37.485366,126.551862,house,charcoal,,-39.5,,3730,80,,
705,SNU09-R014,중산동,Jungsandong,37.485366,126.551862,house,charcoal,,-24.43,,3650,60,,
706,SNU09-R015,중산동,Jungsandong,37.485366,126.551862,house,charcoal,,-21.64,,3670,50,,
707,SNU09-R016,중산동,Jungsandong,37.485366,126.551862,etc,charcoal,,-27.92,,4260,60,,
708,SNU09-013,중산동,Jungsandong,37.485366,126.551862,outdoor hearth,charcoal,,-20.63,,3820,60,,
709,SNU09-014,중산동,Jungsandong,37.485366,126.551862,outdoor hearth,charcoal,,-21.5,,3430,50,,
710,SNU09-015,중산동,Jungsandong,37.485366,126.551862,outdoor hearth,charcoal,,-35.99,,4220,50,,
711,SNU09-016,중산동,Jungsandong,37.485366,126.551862,outdoor hearth,charcoal,,-32.57,,3390,50,,
712,SNU09-017,중산동,Jungsandong,37.485366,126.551862,outdoor hearth,charcoal,,-32.57,,3560,50,,
713,SNU09-R018,중산동,Jungsandong,37.485366,126.551862,outdoor hearth,charcoal,,-21.04,,3290,50,,
714,OWd090957,중산동,Jungsandong,37.485366,126.551862,hearth,charcoal,,-21.9,,3390,50,,
715,OWd090958,중산동,Jungsandong,37.485366,126.551862,pit,charcoal,,-27.8,,2110,50,,
716,OWd090959,중산동,Jungsandong,37.485366,126.551862,outdoor hearth,charcoal,,-25.9,,3360,50,,
717,OWd090960,중산동,Jungsandong,37.485366,126.551862,outdoor hearth,charcoal,,-27.1,,3370,50,,
718,OWd090961,중산동,Jungsandong,37.485366,126.551862,house,charcoal,,-26.1,,4400,50,,
719,OWd090964,중산동,Jungsandong,37.485366,126.551862,house,charcoal,,-26.8,,3690,50,,
720,OWd090965,중산동,Jungsandong,37.485366,126.551862,outdoor hearth,charcoal,,-26.6,,3720,50,,
721,OWd090966,중산동,Jungsandong,37.485366,126.551862,outdoor hearth,charcoal,,-26.7,,3300,50,,
722,OWd090967,중산동,Jungsandong,37.485366,126.551862,outdoor hearth,charcoal,,-24.1,,3760,50,,
723,OWd091140,중산동,Jungsandong,37.485366,126.551862,house,charcoal,,-22.8,,3710,50,,
724,OWd091141,중산동,Jungsandong,37.485366,126.551862,house,charcoal,,-24.9,,1690,40,,
725,OWd091142,중산동,Jungsandong,37.485366,126.551862,outdoor hearth,charcoal,,-24,,3300,40,,
726,OWd091143,중산동,Jungsandong,37.485366,126.551862,outdoor hearth,charcoal,,-24.9,,3860,50,,
727,OWd091146,중산동,Jungsandong,37.485366,126.551862,outdoor hearth,charcoal,,-25.6,,4740,50,,
728,SNU10-R033,왕정리,Wangjeongri,36.82845,126.453219,house,charcoal,,-31.45,,4520,60,,
729,SNU07-135,철통리,Chultongri,38.48997,128.423558,house,charcoal,,-27.35,,4380,60,,
730,SNU07-136,철통리,Chultongri,38.48997,128.423558,house,charcoal,,-30.7,,4210,60,,
731,SNU07-137,철통리,Chultongri,38.48997,128.423558,house,charcoal,,-27.61,,4290,60,,
732,PLD-7636,철통리,Chultongri,38.48997,128.423558,house,charcoal,,-29.29,,4240,30,,
733,PLD-7638,철통리,Chultongri,38.48997,128.423558,house,charcoal,,-26.34,,4285,25,,
734,PLD-7639,철통리,Chultongri,38.48997,128.423558,house,charcoal,,-27.89,,4260,25,,
735,PLD-7640,철통리,Chultongri,38.48997,128.423558,house,charcoal,,-26.52,,4230,30,,
736,PLD-24320,신용리 갓점,Shinyongri-Gatjeom,36.005359,127.054481,house,charcoal,,-28.21,,4475,20,,
737,PLD-24321,신용리 갓점,Shinyongri-Gatjeom,36.005359,127.054481,house,charcoal,,-30.36,,4395,20,,
738,SNU11-441,마륜리 마륜,Maryunri-Maryun,34.98947,127.54244,house,charcoal,,-12.2,,3010,40,,
746,SNU12-139,가덕도 장항,Janghang-Gadeokdo,35.05836,128.806817,stone accumulation,charcoal,,-22.69,,3820,40,,
747,SNU12-140,가덕도 장항,Janghang-Gadeokdo,35.05836,128.806817,stone accumulation,charcoal,,-23.67,,3730,40,,
748,SNU12-141,가덕도 장항,Janghang-Gadeokdo,35.05836,128.806817,stone accumulation,charcoal,,-24.95,,2850,40,,
749,SNU12-142,가덕도 장항,Janghang-Gadeokdo,35.05836,128.806817,stone accumulation,charcoal,,-25.7,,4060,50,,
750,SNU12-143,가덕도 장항,Janghang-Gadeokdo,35.05836,128.806817,stone accumulation,charcoal,,-26.41,,3100,40,,
751,SNU12-144,가덕도 장항,Janghang-Gadeokdo,35.05836,128.806817,stone accumulation,charcoal,,-23.11,,5290,50,,
752,SNU12-145,가덕도 장항,Janghang-Gadeokdo,35.05836,128.806817,stone accumulation,charcoal,,-31.04,,5470,50,,
753,SNU12-146,가덕도 장항,Janghang-Gadeokdo,35.05836,128.806817,stone accumulation,charcoal,,-25.94,,3000,40,,
754,PLD-20654,처용리 21번지,Cheoyongri 21,35.46517,129.343093,pit,charcoal,,-28.13,,3985,25,,
755,PLD-20655,처용리 21번지,Cheoyongri 21,35.46517,129.343093,pit,charcoal,,-27.46,,4390,25,,
756,PLD-17371,안현동,Anhyeondong,37.80623,128.9045,outdoor hearth,charcoal,,-25.05,,3790,25,,
757,PLD-17372,안현동,Anhyeondong,37.80623,128.9045,outdoor hearth,charcoal,,-27.33,,4150,25,,
758,PLD-17373,안현동,Anhyeondong,37.80623,128.9045,outdoor hearth,charcoal,,-26.12,,3540,25,,
759,PLD-17374,안현동,Anhyeondong,37.80623,128.9045,outdoor hearth,charcoal,,-27.6,,3715,25,,
760,PLD-17375,안현동,Anhyeondong,37.80623,128.9045,outdoor hearth,charcoal,,-26.02,,3485,20,,
761,PLD-17376,안현동,Anhyeondong,37.80623,128.9045,outdoor hearth,charcoal,,-26.12,,3855,25,,
762,PLD-17377,안현동,Anhyeondong,37.80623,128.9045,outdoor hearth,charcoal,,-26.67,,3270,20,,
763,PLD-17378,안현동,Anhyeondong,37.80623,128.9045,outdoor hearth,charcoal,,-23.44,,3425,20,,
764,PLD-17379,안현동,Anhyeondong,37.80623,128.9045,outdoor hearth,charcoal,,-27.12,,3475,20,,
765,OWd090223,성산리,Seongsanri,37.762104,127.958617,house,charcoal,,-23.3,,4380,40,,
766,OWd090224,성산리,Seongsanri,37.762104,127.958617,house,charcoal,,-27.2,,4480,40,,
776,SNU07-465,농서리,Nongseori,37.218375,127.086051,house,charcoal,,-25.76,,4270,60,,
777,SNU07-461,농서리,Nongseori,37.218375,127.086051,house,charcoal,,-28.98,,4390,60,,
778,SNU08-481,당동리,Dangdongri,37.865239,126.780386,house,charcoal,,-23.58,,3960,50,,
779,SNU08-482,당동리,Dangdongri,37.865239,126.780386,house,charcoal,,-25.1,,3730,60,,
805,PLD-10630,능곡,Neunggok,37.37582,126.811394,house,charcoal,졸참나무류,-26.35,0.11,4600,30,,
806,PLD-10631,능곡,Neunggok,37.37582,126.811394,house,charcoal,졸참나무아속,-27.41,0.11,4660,30,,
807,PLD-10632,능곡,Neunggok,37.37582,126.811394,house,charcoal,,-27.02,0.12,4640,30,,
808,PLD-10633,능곡,Neunggok,37.37582,126.811394,house,charcoal,상수리나무류,-27.5,0.11,4650,30,,
809,PLD-10634,능곡,Neunggok,37.37582,126.811394,house,charcoal,상수리나무류,-29.87,0.11,4665,30,,
810,PLD-10635,능곡,Neunggok,37.37582,126.811394,house,charcoal,,-28.48,0.16,4585,25,,
811,PLD-10636,능곡,Neunggok,37.37582,126.811394,house,charcoal,자작나무,-25.83,0.16,4670,25,,
812,PLD-10637,능곡,Neunggok,37.37582,126.811394,house,charcoal,상수리나무류,-26.81,0.19,4730,25,,
813,PLD-10638,능곡,Neunggok,37.37582,126.811394,house,charcoal,상수리나무류,-27.67,0.14,2895,20,,
814,PLD-10639,능곡,Neunggok,37.37582,126.811394,house,charcoal,졸참나무류,-28.32,0.14,4665,25,,
815,PLD-10640,능곡,Neunggok,37.37582,126.811394,house,charcoal,상수리나무류,-26.55,0.18,4740,25,"BM G, Soy G",
816,PLD-10641,능곡,Neunggok,37.37582,126.811394,house,charcoal,상수리나무류,-26.75,0.11,4635,25,,
817,PLD-10642,능곡,Neunggok,37.37582,126.811394,house,charcoal,Quercus,-29.42,0.14,4605,25,FM G BM G Azuki G,
818,PLD-10643,능곡,Neunggok,37.37582,126.811394,house,charcoal,,-25.89,0.14,4630,25,,
819,PLD-10644,능곡,Neunggok,37.37582,126.811394,house,charcoal,오리나무아속,-26.96,0.12,4545,25,,
820,PLD-10645,능곡,Neunggok,37.37582,126.811394,house,charcoal,졸참나무류,-27.58,0.19,4815,25,,
825,Beta-288910,문암리,Munamri,38.30476,128.544426,outdoor hearth,charcoal,,-25.9,,5790,40,,
826,SNU12-R008,문암리,Munamri,38.30476,128.544426,house,charcoal,,-20.51,,3780,50,FM I BM I,
827,SNU12-R009,문암리,Munamri,38.30476,128.544426,house,charcoal,,-18.27,,4120,40,"FM G, BM I",
828,SNU12-R010,문암리,Munamri,38.30476,128.544426,house,charcoal,,-17.83,,4450,40,"FM G, FM I",
829,SNU12-R006,문암리,Munamri,38.30476,128.544426,outdoor hearth,charcoal,,-19.29,,4460,50,,
842,Beta-219086,비봉리,Bibongri,35.41067,128.645405,strat,wood,wooden dugout boat,-26.6,,6710,50,,T
843,Beta-219089,비봉리,Bibongri,35.41067,128.645405,strat,charcoal (annual),Juglans shell (wild walnut),-26.1,,6490,50,,T
844,Beta-219088,비봉리,Bibongri,35.41067,128.645405,strat,charcoal,,-30.4,,5970,40,,T
845,Beta-219091,비봉리,Bibongri,35.41067,128.645405,strat,shell,,-8.3,,5230,40,,T
846,Beta-219090,비봉리,Bibongri,35.41067,128.645405,pit,charcoal (annual),Quercus (acorn) shell,-26.7,,4500,50,,T
847,Beta-219087,비봉리,Bibongri,35.41067,128.645405,outdoor hearth,charcoal,,-25.5,,3450,40,,T
848,GX-0378,동삼동,Dongsamdong,35.07093,129.079771,strat,charcoal,,,,5890,140,,
849,GX-0379,동삼동,Dongsamdong,35.07093,129.079771,strat,charcoal,,,,4945,130,,
850,N-1213,동삼동,Dongsamdong,35.07093,129.079771,,charcoal,,,,4880,160,,
852,AERIK-23,동삼동,Dongsamdong,35.07093,129.079771,strat,charcoal,,,,4020,100,,
853,AERIK-24,동삼동,Dongsamdong,35.07093,129.079771,strat,charcoal,,,,3980,100,,
854,AERIK-25,동삼동,Dongsamdong,35.07093,129.079771,strat,charcoal,,,,3930,100,,
855,AERIK-26,동삼동,Dongsamdong,35.07093,129.079771,strat,charcoal,,,,3880,100,,
856,AERIK-27,동삼동,Dongsamdong,35.07093,129.079771,strat,charcoal,,,,4440,90,,
857,AERIK-22,동삼동,Dongsamdong,35.07093,129.079771,strat,charcoal,,,,4170,100,,
858,-,동삼동,Dongsamdong,35.07093,129.079771,,charcoal,,,,4110,150,,
861,GX-0492,동삼동,Dongsamdong,35.07093,129.079771,strat,charcoal,,,,3400,220,,
862,GX-0493,동삼동,Dongsamdong,35.07093,129.079771,strat,charcoal,,,,3400,120,,
867,NUTA-1334,돌산 송도,Dolsan Songdo,34.61073,127.717777,house,charcoal,,,,5280,170,,
868,NUTA-1335,돌산 송도,Dolsan Songdo,34.61073,127.717777,pit,charcoal,,,,5430,170,,
869,-,선유도,Seonyudo,35.80741,126.414521,,charcoal,,,,4810,40,,
883,SNU12-724,대부북동,Daebubukdong,37.24543,126.579872,house,charcoal,,-25.68,,4640,50,,
884,SNU12-725,대부북동,Daebubukdong,37.24543,126.579872,house,charcoal,,-27.4,,4620,50,,
885,SNU12-727,대부북동,Daebubukdong,37.24543,126.579872,house,charcoal,,-26.3,,4690,50,,
886,SNU12-728,대부북동,Daebubukdong,37.24543,126.579872,house,charcoal,,-27.31,,4590,50,,
887,SNU12-729,대부북동,Daebubukdong,37.24543,126.579872,house,charcoal,,-26.28,,4460,50,,
888,SNU12-730,대부북동,Daebubukdong,37.24543,126.579872,house,charcoal,,-28.44,,4370,60,,
889,SNU12-731,대부북동,Daebubukdong,37.24543,126.579872,house,charcoal,,-27.24,,4630,50,,
890,SNU12-732,대부북동,Daebubukdong,37.24543,126.579872,house,charcoal,,-25.76,,4650,50,,
891,SNU12-734,대부북동,Daebubukdong,37.24543,126.579872,house,charcoal,,-26.6,,4670,50,,
892,SNU12-735,대부북동,Daebubukdong,37.24543,126.579872,house,charcoal,,-27.55,,4520,50,,
893,SNU12-737,대부북동,Daebubukdong,37.24543,126.579872,house,charcoal,,-26.16,,4060,50,,
894,SNU12-738,대부북동,Daebubukdong,37.24543,126.579872,house,charcoal,,-28.26,,4350,50,,
895,SNU12-739,대부북동,Daebubukdong,37.24543,126.579872,house,charcoal,,-27.98,,4390,50,,
896,SNU12-740,대부북동,Daebubukdong,37.24543,126.579872,house,charcoal,,-25.97,,4420,50,,
897,SNU12-741,대부북동,Daebubukdong,37.24543,126.579872,house,charcoal,,-25.13,,4440,50,,
898,KSU-617,오이도북부패총군,Oedo North SM,37.347473,126.694168,,charcoal,,-30.56,,3900,50,,
899,PLD-11555,중산동,Jungsandong,37.494272,126.555682,house,charcoal,,-29.5,,4160,25,,
900,PLD-11556,중산동,Jungsandong,37.494272,126.555682,house,charcoal,,-26.21,,4085,25,,
901,SNU08-192,중산동,Jungsandong,37.485366,126.551862,house,charcoal,,-26.69,,4220,50,,
902,-,중산동,Jungsandong,37.485366,126.551862,outdoor hearth,charcoal,,,,3840,50,,
903,SNU02-?,중산동,Jungsandong,37.485366,126.551862,outdoor hearth,charcoal,,,,3730,50,,
904,-,중산동,Jungsandong,37.485366,126.551862,outdoor hearth,charcoal,,,,3350,40,,
905,-,영종도 운북동,Unbukdong,37.52294,126.523263,house,charcoal,,,,4500,60,,
906,-,영종도 운북동,Unbukdong,37.52294,126.523263,house,charcoal,,,,4240,50,,
907,-,영종도 운북동,Unbukdong,37.52294,126.523263,outdoor hearth,charcoal,,,,3590,50,,
908,-,영종도 운북동,Unbukdong,37.52294,126.523263,outdoor hearth,charcoal,,,,3540,50,,
909,-,영종도 운북동,Unbukdong,37.52294,126.523263,outdoor hearth,charcoal,,,,3150,50,,
910,-,영종도 운북동,Unbukdong,37.52294,126.523263,outdoor hearth,charcoal,,,,3770,50,,
911,SNU02-?,영종도 운북동,Unbukdong,37.52294,126.523263,house,charcoal,,,,4380,50,,
912,-,영종도 운북동,Unbukdong,37.52294,126.523263,house,charcoal,,,,3480,50,,
913,-,영종도 운북동,Unbukdong,37.52294,126.523263,house,charcoal,,,,4430,60,,
914,SNU04-789,용유도 을왕리 IIIA,Eulwangri IIIA,37.46216,126.393779,house,charcoal,,-26,,4510,90,,
915,SNU04-790,용유도 을왕리 IIIA,Eulwangri IIIA,37.46216,126.393779,house,charcoal,,-26.6,,4220,70,,
916,SNU10-550,구래리,Guryeri,37.63985,126.627011,house,charcoal,,-18.46,,4020,50,,
917,KCL15-078,용유도 남북동,Nambukdong,37.4625,126.407355,hearth,charcoal,,-37.48,,3910,60,,
918,KCL15-080,용유도 남북동,Nambukdong,37.4625,126.407355,hearth,charcoal,,-22.5,,3990,50,,
919,kcl15-086,용유도 남북동,Nambukdong,37.4625,126.407355,strat,charcoal,,-17.99,,3590,50,,
920,KCL15-087,용유도 남북동,Nambukdong,37.4625,126.407355,strat,charcoal,,-25.57,,3670,50,,
921,KCL15-082,용유도 남북동,Nambukdong,37.4625,126.407355,hearth,charcoal,,-22.54,,4180,50,,
922,KCL15-079,용유도 남북동,Nambukdong,37.4625,126.407355,hearth,charcoal,,-23.14,,4240,50,,
923,KCL15-081,용유도 남북동,Nambukdong,37.4625,126.407355,hearth,charcoal,,-23.9,,4200,50,,
924,KCL15-083,용유도 남북동,Nambukdong,37.4625,126.407355,hearth,charcoal,,-21.83,,4220,50,,
925,KCL15-084,용유도 남북동,Nambukdong,37.4625,126.407355,hearth,charcoal,,-22.09,,4240,50,,
926,KCL15-085,용유도 남북동,Nambukdong,37.4625,126.407355,hearth,charcoal,,-25.45,,3790,50,,
927,-,초지리 별망패총,Byulmang,37.29858,126.798597,outdoor hearth,charcoal,,,,10548,64,,
928,-,초지리 별망패총,Byulmang,37.29858,126.798597,outdoor hearth,charcoal,,,,10440,95,,
929,GX-23266,조동리,Jodongri,37.0251,127.962891,strat,charcoal,,,,4580,175,,
930,GX-22015,조동리,Jodongri,37.0251,127.962891,strat,charcoal,,,,5295,545,,
931,GX-27010-AMS,조동리,Jodongri,37.0251,127.962891,strat,charcoal,,-27.3,,5500,40,,
932,GX-27011,조동리,Jodongri,37.0251,127.962891,strat,charcoal,,-25.4,,5150,270,,
933,GX-27008-AMS,조동리,Jodongri,37.0251,127.962891,outdoor hearth,charcoal,,-25.2,,6200,40,,
934,GX-27009-AMS,조동리,Jodongri,37.0251,127.962891,outdoor hearth,charcoal,,-27.4,,6140,40,,
935,KR06-100,장재리 안강골,Anganggol-Jangjaeri,36.791014,127.094497,house,charcoal,,-25.1,,4500,80,FM G BM G,
936,SNU08-452,아산 백암리 점배골,Baekamri Jumbaegol,36.80364,127.041939,house,charcoal,,-25.28,,4470,60,,
937,SNU08-453,아산 백암리 점배골,Baekamri Jumbaegol,36.80364,127.041939,house,charcoal,,-25.95,,4610,80,,
938,SNU06-623,음성 금석리,Geumsukri,36.9913,127.603906,house,charcoal,,-30.34,,4510,50,,
939,SNU06-624,음성 금석리,Geumsukri,36.9913,127.603906,house,charcoal,,-27.31,,4300,60,,
940,SNU06-521,대천리,Daecehonri,36.2864,127.57116,house,charcoal (annual),barley,,,4380,60,FM G,
942,-,관평동,Gwanpyeongdong,36.419974,127.381367,house,charcoal,,,,4490,70,,
943,OWd080217,공주신관동 관골,Shingwandong,36.47643,127.133196,house,charcoal,,-26.2,,4500,50,,
944,OWd080218,공주신관동 관골,Shingwandong,36.47643,127.133196,house,charcoal,,-27,,4480,50,,
945,OWd080219,공주신관동 관골,Shingwandong,36.47643,127.133196,house,charcoal,,-25.3,,4510,50,,
946,OWd080220,공주신관동 관골,Shingwandong,36.47643,127.133196,house,charcoal,,-25.4,,4530,50,,
947,OWd080221,공주신관동 관골,Shingwandong,36.47643,127.133196,house,charcoal,,-26.1,,4500,50,,
948,OWd080222,공주신관동 관골,Shingwandong,36.47643,127.133196,house,charcoal,,-27.3,,4580,50,,
949,OWd080223,공주신관동 관골,Shingwandong,36.47643,127.133196,house,charcoal,,-27.2,,4550,50,,
950,OWd080224,공주신관동 관골,Shingwandong,36.47643,127.133196,house,charcoal,,-27,,4450,50,,
951,OWd080225,공주신관동 관골,Shingwandong,36.47643,127.133196,house,charcoal,,-28.2,,4440,50,,
952,OWd080226,공주신관동 관골,Shingwandong,36.47643,127.133196,house,charcoal,,-26.9,,4420,50,,
953,OWd080227,공주신관동 관골,Shingwandong,36.47643,127.133196,house,charcoal,,-27.1,,4480,50,,
954,OWd080228,공주신관동 관골,Shingwandong,36.47643,127.133196,house,charcoal,,-26.5,,4590,50,,
955,OWd080229,공주신관동 관골,Shingwandong,36.47643,127.133196,house,charcoal,,-27.6,,4520,50,,
956,GX-26982,공주장원리,Jangwonri,36.57383,127.118764,strat,charcoal,,-26.3,,4880,220,,
957,AA1972,학암리,Hakamri,36.38205,126.948643,house,charcoal,,,,4409,47,,
958,SNU12-536,효림리,Hyorimri,36.676514,126.754532,house,charcoal,,-27.29,,4390,50,,
959,SNU12-537,효림리,Hyorimri,36.676514,126.754532,house,charcoal,,-28.78,,4330,50,,
960,Owd090719,청원영하리,Younghari,36.71938,127.579624,house,charcoal,,-26.4,,4420,50,,
961,Owd090720,청원영하리,Younghari,36.71938,127.579624,house,charcoal,,-26.5,,4020,50,,
962,Owd090721,청원영하리,Younghari,36.71938,127.579624,house,charcoal,,-28.1,,4200,50,,
963,Owd090722,청원영하리,Younghari,36.71938,127.579624,house,charcoal,,-28.2,,4360,50,,
964,KCP 150,가도 패총,Gado,35.94867,126.569723,strat,shell,,,,3830,70,,
965,-,관산리,Gwansanri,36.40337,126.579359,pit,charcoal,,,,4710,80,,
966,SNU06-1136,성내리,Seongnaeri,36.8789,127.007758,house,charcoal,,-29.38,,4660,60,,
967,-,관창리,Gwanchangri,36.40337,126.579359,house,charcoal,,,,4420,70,,
968,-,관창리,Gwanchangri,36.40337,126.579359,house,charcoal,,,,4360,50,,
969,OWd090583,당진석우리 소소리,Sukwori-Sosori,36.8224988452999,126.744652106,house,charcoal,,-30.1,,4600,70,,
970,OWd090584,당진석우리 소소리,Sukwori-Sosori,36.8224988452999,126.744652106,pit,charcoal,,-20.2,,4340,50,,
972,-,대죽리 패총,Daejukri,36.99651,126.401434,strat,charcoal,,,,4530,60,,
973,-,대죽리 패총,Daejukri,36.99651,126.401434,strat,charcoal,,,,5150,150,,
974,-,대죽리 패총,Daejukri,36.99651,126.401434,strat,charcoal,,,,3960,170,,
975,KCP530,대죽리 패총,Daejukri,36.99651,126.401434,strat,shell,,,,4140,60,,
977,PLD-22359,태안 달산리,Dalsanri,36.650731,126.310041,pit,charcoal,,-27.01,0.21,5900,25,,
978,PLD-22360,태안 달산리,Dalsanri,36.650731,126.310041,house,charcoal,,-27.5,0.14,7010,30,,
981,SNU03-894,내흥동,Naeheungdong,36.001764,126.760241,pit,wood,,-31.92,,4960,40,,
983,-,오산리,Osanri,38.08705,128.661486,strat,charcoal,,,,3260,180,,
985,Beta-120738,양양 지경리,Jigyungri,37.92861,128.793739,house,charcoal,,-25,,4590,70,FM I BM I,
986,Beta-120739,양양 지경리,Jigyungri,37.92861,128.793739,house,charcoal,,-25,,4420,60,FM I BM I,
987,Beta-120740,양양 지경리,Jigyungri,37.92861,128.793739,house,charcoal,,-25,,4600,80,,
988,KCP-151,가평리,Gapyeongri,38.09464,128.653335,house,charcoal,,,,4390,60,,
990,SNU12-R201,문암리,Munamri,38.30476,128.544426,house,charcoal,,-23.7,,4480,40,FM I BM I,
991,SNU12-R202,문암리,Munamri,38.30476,128.544426,house,charcoal,,-23.7,,4480,50,"FM G, FM I",
992,SNU12-R013,문암리,Munamri,38.30476,128.544426,house,charcoal,,-28.16,,4840,60,"FM G, FM I",
993,SNU12-R203,문암리,Munamri,38.30476,128.544426,house,charcoal,,-23.7,,4600,50,FM I,
994,Beta-284063,문암리,Munamri,38.30476,128.544426,house,charcoal,,-25.4,,4690,40,,
995,Beta-288909,문암리,Munamri,38.30476,128.544426,house,charcoal,,-26.5,,4660,40,,
996,Beta-288911,문암리,Munamri,38.30476,128.544426,outdoor hearth,charcoal,,-23.7,,5710,40,,
997,SNU12-R003,문암리,Munamri,38.30476,128.544426,outdoor hearth,charcoal,,-17.43,,5970,50,,
998,SNU12-R011,문암리,Munamri,38.30476,128.544426,outdoor hearth,charcoal,,-16.91,,4530,50,,
999,SNU12-R004,문암리,Munamri,38.30476,128.544426,outdoor hearth,charcoal,,-21.98,,4520,50,,
1000,SNU12-R005,문암리,Munamri,38.30476,128.544426,outdoor hearth,charcoal,,-14.39,,4540,50,,
1001,SNU12-R199,문암리,Munamri,38.30476,128.544426,outdoor hearth,charcoal,,-23.7,,4460,50,,
1002,SNU12-R001,문암리,Munamri,38.30476,128.544426,outdoor hearth,charcoal,,-21.46,,5220,50,BM G,
1003,SNU12-R200,문암리,Munamri,38.30476,128.544426,outdoor hearth,charcoal,,-23.7,,5170,50,BM G,
1004,SNU12-R197,문암리,Munamri,38.30476,128.544426,outdoor hearth,charcoal,,-28.99,,4440,50,,
1005,SNU12-R002,문암리,Munamri,38.30476,128.544426,outdoor hearth,charcoal,,-18.62,,4270,60,FM BM G,
1006,SNU12-R014,문암리,Munamri,38.30476,128.544426,strat,charcoal,,-25.91,,5120,50,,
1007,SNU12-R007,문암리,Munamri,38.30476,128.544426,strat,charcoal,,-15.29,,6240,50,,
1011,SNU12-R193,문암리,Munamri,38.30476,128.544426,house,charcoal,,-33.18,,6200,50,,
1012,SNU12-R194,문암리,Munamri,38.30476,128.544426,house,charcoal,,-32.74,,5920,70,,
1013,SNU12-R195,문암리,Munamri,38.30476,128.544426,house,charcoal,,-35.68,,6030,50,,
1014,TKa-13909,문암리,Munamri,38.30476,128.544426,house,charcoal,,-22.9,,6595,40,,
1015,SNU07-133,철통리,Chultongri,38.48997,128.423558,house,charcoal,,-29.09,,4400,50,,
1016,SNU04-950,강릉초당동(247번지),Chodangdong 247,37.78662,128.913946,house,charcoal,,-34.2,,4720,60,,
1017,SNU07-122,금진리,Geumjinri,37.62803,129.045015,outdoor hearth,charcoal,,-32.33,,3940,60,,
1018,PLD-7625,금진리,Geumjinri,37.62803,129.045015,outdoor hearth,charcoal,,-25.93,,4065,25,,
1019,OWd080018,영월 주천리 (375번지),Jucheonri 375,37.26425,128.287634,outdoor hearth,charcoal,,-23.8,,4330,40,,
1020,OWd080019,영월 주천리 (375번지),Jucheonri 375,37.26425,128.287634,outdoor hearth,charcoal,,-25.8,,4380,50,,
1021,OWd080020,영월 주천리 (375번지),Jucheonri 375,37.26425,128.287634,outdoor hearth,charcoal,,-22.7,,4330,40,,
1022,OWd080021,영월 주천리 (375번지),Jucheonri 375,37.26425,128.287634,outdoor hearth,charcoal,,-25.5,,4450,50,,
1023,OWd080022,영월 주천리 (375번지),Jucheonri 375,37.26425,128.287634,outdoor hearth,charcoal,,-24.3,,4380,50,,
1024,OWd080023,영월 주천리 (375번지),Jucheonri 375,37.26425,128.287634,outdoor hearth,charcoal,,-26.1,,4160,50,,
1025,OWd080056,영월 주천리 (375번지),Jucheonri 375,37.26425,128.287634,strat,charcoal,,-25.6,,4360,50,,
1026,OWd090049,영월 주천리,Jucheonri,37.268115,128.269651,house,charcoal,,-24.3,,4670,50,,
1027,OWd090050,영월 주천리,Jucheonri,37.268115,128.269651,house,charcoal,,-24.5,,4840,50,,
1028,OWd090693,평창 용항리,Yonghangri,37.402692,128.390323,outdoor hearth,charcoal,,-26.2,0.3,4140,40,,
1029,OWd090694,평창 용항리,Yonghangri,37.402692,128.390323,outdoor hearth,charcoal,,-26.9,0.4,7420,50,,
1030,-,천전리,Chunjeonri,37.930712,127.777965,house,charcoal,,-34.2,,3730,60,,
1031,-,영월 연당쌍굴,Yeondangssanggul,37.18834,128.406781,strat,charcoal,,,,3830,40,,
1032,-,영월 연당쌍굴,Yeondangssanggul,37.18834,128.406781,strat,charcoal,,,,4160,80,,
1033,-,영월 연당쌍굴,Yeondangssanggul,37.18834,128.406781,strat,charcoal,,,,4570,80,,
1034,-,영월 연당쌍굴,Yeondangssanggul,37.18834,128.406781,strat,charcoal,,,,4690,80,,
1035,SNU04-415,영월 연당쌍굴,Yeondangssanggul,37.18834,128.406781,strat,charcoal,,,,3800,100,,
1036,-,영월 연당쌍굴,Yeondangssanggul,37.18834,128.406781,strat,charcoal,,,,4010,80,,
1037,SNU04-413,영월 연당쌍굴,Yeondangssanggul,37.18834,128.406781,strat,charcoal,,,,4440,40,,
1038,PLD-16110,원주 반곡동,Bangokdong,37.323098,127.983693,house,charcoal,,-26.65,,3790,20,,
1039,PLD-16111,원주 반곡동,Bangokdong,37.323098,127.983693,pit,charcoal,,-27.36,,4170,20,,
1040,PLD-16112,원주 반곡동,Bangokdong,37.323098,127.983693,pit,charcoal,,-26.96,,3825,20,,
1041,PLD-15435,춘천 송암동,Chuncheon Songamdong,37.8533,127.693302,outdoor hearth,charcoal,,-27.42,,3890,25,,
1044,SNU11-R152,이호동,Eehodong,33.49918,126.463954,pit,charcoal,,-9.23,,2510,40,,
1045,SNU11-R153,이호동,Eehodong,33.49918,126.463954,pit,charcoal,,3.85,,2480,40,,
1046,SNU11-R154,이호동,Eehodong,33.49918,126.463954,pit,charcoal,,-7.87,,2280,50,,
1047,SNU11-R155,이호동,Eehodong,33.49918,126.463954,,charcoal,,-8.95,,6360,50,,
1050,SNU09-R097,오등동,Odeungdong,33.43193,126.555191,strat,charcoal,,-36.38,,4330,50,,
1051,SNU09-R098,오등동,Odeungdong,33.43193,126.555191,strat,charcoal,,-29.38,,5440,80,,
1052,KSU-152,북촌리,Bukchonri,33.54746,126.700253,strat,shell,,,,2920,25,,
1053,SNU12-R085,한동리,Handongri,33.54302,126.829856,strat,charcoal,,-21.29,,3340,40,,
1054,SNU12-R082,한동리,Handongri,33.54302,126.829856,outdoor hearth,charcoal,,-18.36,,2980,40,,
1055,SNU12-R083,한동리,Handongri,33.54302,126.829856,strat,charcoal,,-18.06,,5030,40,,
1056,SNU12-R084,한동리,Handongri,33.54302,126.829856,strat,charcoal,,-21.65,,3140,40,,
1057,Beta-70663,김천 송죽리,Songjukri,36.04246,128.054296,house,charcoal,,-25,,4380,60,,
1059,Beta-65988,청도 암음 오진리,Ojinri,35.7086,128.963897,hearth,charcoal,,,,3480,100,,
1060,Beta-65989,청도 암음 오진리,Ojinri,35.7086,128.963897,hearth,charcoal,,,,2970,60,,
1061,SNU09-503,대구달천리 135,Dalcheonri 135,35.88996,128.47795,outdoor hearth,charcoal,,-24.15,,4100,60,,
1062,SNU09-504,대구달천리 135,Dalcheonri 135,35.88996,128.47795,strat,charcoal,,-26.78,,3620,50,,
1063,PLD-10702,울산중산동 139,Jungsandong 139,35.65115,129.350632,outdoor hearth,charcoal,,-27.12,,4005,30,,
1064,PLD-4107,울산 궁근정리,Gunguenjungri,35.61584,129.063367,outdoor hearth,charcoal,,-27.49,,3475,20,,
1065,PLD-4108,울산 궁근정리,Gunguenjungri,35.61584,129.063367,outdoor hearth,charcoal,,-23.5,,4405,20,,
1066,PLD-4109,울산 궁근정리,Gunguenjungri,35.61584,129.063367,outdoor hearth,charcoal,,-25.86,,4045,20,,
1067,PLD-4110,울산 궁근정리,Gunguenjungri,35.61584,129.063367,outdoor hearth,charcoal,,-25.97,,3455,20,,
1068,PLD-4111,울산 궁근정리,Gunguenjungri,35.61584,129.063367,outdoor hearth,charcoal,,-26.52,,4345,20,,
1069,PLD-4112,울산 궁근정리,Gunguenjungri,35.61584,129.063367,outdoor hearth,charcoal,,-26.73,,3500,20,,
1070,PLD-4113,울산 궁근정리,Gunguenjungri,35.61584,129.063367,artifact area,charcoal,,-26.13,,4495,25,,
1071,SNU12-R022,진주 평거 4-1지구,Pyeonggeo 4-1,35.16712,128.056004,house,charcoal,,-30.57,,4450,50,"FM G, BM G, Azuki G, Soy G ",
1072,SNU12-R023,진주 평거 4-1지구,Pyeonggeo 4-1,35.16712,128.056004,stone accumulation,charcoal,,-30.75,,4370,50,,
1073,SNU09-R130,진주 평거 3-1지구,Pyeonggeo 3-1,35.16712,128.056004,house,charcoal,quercus,-28.61,,3620,60,"FM G, BM G ",
1074,NUTA-1034,합천 봉계리,Bonggyeri,35.60805,128.031034,house,charcoal (annual),walnut,,,4060,150,,
1075,SNU11-970,울산 황성동,Hwangseongdo road to new port,35.46057,129.362308,strat,charcoal,,-26.05,,4700,50,,
1076,SNU11-973,울산 황성동,Hwangseongdo road to new port,35.46057,129.362308,strat,charcoal,,-22.34,,5030,50,,
1077,SNU11-971,울산 황성동,Hwangseongdo road to new port,35.46057,129.362308,strat,charcoal,,-25.78,,5090,50,,
1078,SNU11-974,울산 황성동,Hwangseongdo road to new port,35.46057,129.362308,strat,charcoal,,-26.49,,5120,50,,
1079,SNU11-972,울산 황성동,Hwangseongdo road to new port,35.46057,129.362308,strat,charcoal,,-24.96,,5410,50,,
1080,SNU11-975,울산 황성동,Hwangseongdo road to new port,35.46057,129.362308,strat,charcoal,,-21.7,,5370,50,,
1081,SNU11-976,울산 황성동,Hwangseongdo road to new port,35.46057,129.362308,strat,charcoal,,-26.69,,5440,50,,
1082,SNU11-977,울산 황성동,Hwangseongdo road to new port,35.46057,129.362308,strat,charcoal,,-24.21,,5480,50,,
1083,SNU11-978,울산 황성동,Hwangseongdo road to new port,35.46057,129.362308,strat,charcoal,,-27.74,,5320,50,,
1084,SNU11-979,울산 황성동,Hwangseongdo road to new port,35.46057,129.362308,strat,charcoal,,-29.46,,5510,60,,
1085,SNU11-980,울산 황성동,Hwangseongdo road to new port,35.46057,129.362308,strat,charcoal,,-27.97,,5280,50,,
1086,SNU11-981,울산 황성동,Hwangseongdo road to new port,35.46057,129.362308,strat,charcoal,,-24.29,,5500,60,,
1087,SNU11-982,울산 황성동,Hwangseongdo road to new port,35.46057,129.362308,strat,charcoal,,-23.21,,5470,50,,
1088,Beta-119436,세죽리,Sejukri,35.45971,129.357806,strat,wood,,-27.6,,4390,60,,
1089,Beta-119433,세죽리,Sejukri,35.45971,129.357806,strat,wood,,-28.1,,6040,80,,
1090,Beta-119434,세죽리,Sejukri,35.45971,129.357806,strat,wood,,-29.3,,6020,70,,
1091,Beta-119435,세죽리,Sejukri,35.45971,129.357806,strat,wood,,-28.3,,6240,50,,
1098,SNU05-348,비봉리,Bibongri,35.41067,128.645405,pit,charcoal,,-24.13,,2810,60,,T
1105,TO-8783,동삼동 정화지역,Dongsamdong,35.07093,129.079771,house,charcoal (annual),Foxtail Millet,,,4590,100,,
1116,GAK-6666,동삼동,Dongsamdong,35.07093,129.079771,strat,shell,,,,5820,140,FM I,
1117,GAK-6667,동삼동,Dongsamdong,35.07093,129.079771,strat,shell,,,,5500,100,FM I,
1118,GAK-6669,동삼동,Dongsamdong,35.07093,129.079771,strat,shell,,,,5190,130,FM I,
1119,GAK-6668,동삼동,Dongsamdong,35.07093,129.079771,strat,shell,,,,5160,120,FM I,
1120,GAK-6665,동삼동,Dongsamdong,35.07093,129.079771,strat,shell,,,,4490,110,,
1121,GAK-6664,동삼동,Dongsamdong,35.07093,129.079771,strat,shell,,,,4490,110,,
1122,GAK-6662,동삼동,Dongsamdong,35.07093,129.079771,strat,shell,,,,4510,120,,
1123,GAK-6663,동삼동,Dongsamdong,35.07093,129.079771,strat,shell,,,,4140,120,,
1124,GAK-6661,동삼동,Dongsamdong,35.07093,129.079771,strat,shell,,,,3800,110,,
1125,GAK-6660,동삼동,Dongsamdong,35.07093,129.079771,strat,shell,,,,3470,100,,
1126,N-1132,동삼동,Dongsamdong,35.07093,129.079771,,charcoal,,,,5180,130,,
1128,AERIK-,동삼동,Dongsamdong,35.07093,129.079771,,charcoal,,,,4950,100,,
1129,N-3451,수가리,Sugari,35.17239,128.867395,strat,shell,,,,3040,80,,T
1130,N-3453,수가리,Sugari,35.17239,128.867395,strat,shell,,,,3290,70,,T
1132,NUTA-2315,통영연대도패총,Yeondaedo,34.73956,128.399996,strat,shell,,,,6010,160,,
1133,NUTA-2314,통영연대도패총,Yeondaedo,34.73956,128.399996,strat,shell,,,,6090,160,,
1134,KCP126,범방 패총,Beombang,35.15629,128.881033,strat,shell,,,,3900,70,,T
1135,KCP127,범방 패총,Beombang,35.15629,128.881033,strat,shell,,,,4590,70,,T
1136,KCP ?,상노대도,Sangnodaedo,34.66963,128.246504,strat,shell,,,,3370,40,,
1137,NUTA-678,통영 산등패총,Sandeung,34.67603,128.233127,strat,shell,,,,4660,110,,
1138,NUTA-679,통영 산등패총,Sandeung,34.67603,128.233127,strat,shell,,,,4360,110,,
1139,TH-1000,농소리패총,Nongsori,35.222,128.837472,strat,shell,,,,3440,120,,T
1140,N-2135,율리패총,Yulri,35.24632,129.01634,strat,shell,,,,3480,80,,T
1141,-,하동 목도패총,Mokdo,35.04415,127.77111,strat,shell,,,,4210,120,,
1142,-,하동 목도패총,Mokdo,35.04415,127.77111,strat,shell,,,,4910,130,,
1143,KR10-060,죽변리,Jukbyeonri,37.05676,129.427908,strat,charcoal,,-20.62,,6140,60,,
1144,KR10-061,죽변리,Jukbyeonri,37.05676,129.427908,strat,charcoal,,-23.24,,6150,50,,
1145,KR10-062,죽변리,Jukbyeonri,37.05676,129.427908,strat,charcoal,,-23.24,,6180,50,,
1146,KR10-063,죽변리,Jukbyeonri,37.05676,129.427908,strat,charcoal,,-24.11,,6380,50,,
1148,SNU08-A002,죽림동,Jukrimdong,35.19586,128.900438,strat,shell,,7.68,,4930,50,,T
1149,SNU08-A003,죽림동,Jukrimdong,35.19586,128.900438,strat,shell,,2.51,,5150,50,,T
1150,SNU08-R100,죽림동,Jukrimdong,35.19586,128.900438,strat,charcoal,,-25.21,,5130,60,,T
1151,SNU08-A004,죽림동,Jukrimdong,35.19586,128.900438,strat,shell,,-10.55,,5980,60,,T
1152,SNU08-A005,죽림동,Jukrimdong,35.19586,128.900438,strat,shell,,-20.09,,6490,110,,T
1154,SNU08-327,죽림동,Jukrimdong,35.19586,128.900438,strat,charcoal,,-25.45,,4900,50,,T
1155,SNU08-328,죽림동,Jukrimdong,35.19586,128.900438,strat,charcoal,,-22.02,,4600,50,,T
1156,SNU08-326,죽림동,Jukrimdong,35.19586,128.900438,strat,charcoal,,-25.4,,4780,50,,T
1157,SNU12-676,가덕도 장항,Janghang-Gadeokdo,35.05836,128.806817,strat,shell,,0.53,,5020,50,,
1158,SNU12-677,가덕도 장항,Janghang-Gadeokdo,35.05836,128.806817,strat,shell,,,,4620,60,,
1159,SNU12-678,가덕도 장항,Janghang-Gadeokdo,35.05836,128.806817,strat,shell,,,,4810,80,,
1160,SNU12-679,가덕도 장항,Janghang-Gadeokdo,35.05836,128.806817,strat,shell,,-2.39,,5480,50,,
1161,-,암사동,Amsadong,37.56042,127.130145,house,charcoal,,,,4360,50,,
1162,BETA-252973,능곡,Neunggok,37.37582,126.811394,house,charcoal (annual),foxtail millet,-8.4,,4740,40,FM G BM G Azuki G,
1164,Beta-45536,일산 가와지,Gawaji (zone 2),37.68687,126.761274,,charcoal,,,,4330,80,,
1168,-,일산 주엽리,Juyeopni,37.6707,126.75511,,charcoal,,,,4010,25,,
1170,KCCAMS-60748,진주 평거동,Pyeonggeodong,35.16712,128.056004,pit,charcoal (annual),azuki bean,,,4350,25,"FM G, BM G, Zuki G, Soy M, Wheat G",
1171,KCCAMS-60749,진주 평거동,Pyeonggeodong,35.16712,128.056004,pit,charcoal (annual),azuki bean,,,4175,25,"FM G, BM G, Zuki G, Soy M, Wheat G",
1174,TO-8608,상촌리,Sangchonri-Daepyeong,35.21863,127.969302,outdoor hearth,charcoal (annual),foxtail millet,,,4060,140,FM G(BM? G?,
1175,TO-8607,어은1지구,Oun 1,35.22853,127.949877,outdoor hearth,charcoal (annual),foxtail millet,,,4030,100,FM G BM G,
1176,KCP ?,상노대도,Sangnodaedo,34.66963,128.246504,strat,charcoal,,,,3430,60,,
1177,TO-8605,어은1지구,Oun 1,35.22853,127.949877,house,charcoal (annual),rice,,,3610,280,,
1178,SNU99-125,어은1지구,Oun 1,35.22853,127.949877,house,charcoal (annual),rice,,,2850,60,,
1179,SNU99-126,어은1지구,Oun 1,35.22853,127.949877,house,charcoal (annual),foxtail millet,,,2830,60,,
1180,TO-8637,어은1지구,Oun 1,35.22853,127.949877,house,charcoal (annual),foxtail millet,,,2800,100,,
1181,TO-8611,대평리 옥방,Okbang-Daepyeong,35.22079,127.95937,pit,charcoal (annual),soy bean,,,2790,60,,
1182,TO-8965,울산 다운동,Daundong,35.56853,129.265763,house,charcoal (annual),azuki bean,,,2510,70,,
1183,KCCAMS-60750,울산 다운동,Daundong,35.56853,129.265763,house,charcoal (annual),soy bean,,,2485,25,,
1184,TH1003,달동,Daldong,35.53569,129.323076,,shell,,,,4630,135,,
1185,TH1004,달동,Daldong,35.53569,129.323076,,shell,,,,2910,125,,
1186,TH1005,달동,Daldong,35.53569,129.323076,,shell,,,,3090,110,,
1187,-,하화계리,Hahaegyeri,37.681475,127.858526,,charcoal,,,,13390,60,,
1188,-,화대리,Hwadaeri,37.98228,127.3331,,charcoal,,,,10130,60,,
1189,SNU02-542,기곡,Kigok,37.596116,129.080808,strat,charcoal,,-26.5,,10200,60,,
1190,-,사천동 재너머들,Socheondong Jaeneomudul,36.66126,127.472988,,charcoal,,,,10130,60,,
1191,-,사천동 재너머들,Socheondong Jaeneomudul,36.66126,127.472988,,charcoal,,,,9640,80,,
1192,-,오지리,Ojiri,35.26682,127.318818,,charcoal,,,,9180,80,,
1194,SNU06-522,대천리,Daecheonri,36.2864,127.57116,house,charcoal (annual),wheat,,,4590,80,FM G,
1195,UCI67219,진주 평거동,Pyeonggeodong,35.16712,128.056004,house,charcoal (annual),broomcorn millet,,,3940,20,"FM G, BM G ",
1198,IAAA71150,진주 평거동,Pyeonggeodong,35.16712,128.056004,pit,charcoal (annual),acorn,,,4320,30,FM G,
1201,-,율리패총,Yulri,35.24632,129.01634,,shell,,,,3580,75,,T
1202,SNU04-A038,부안 격하패총 굴순패총,Gyukha-Gulsun,35.62705,126.478775,strat,shell,,-21.67,,3300,180,,
1203,SNU04-A039,부안 격하패총 굴순패총,Gyukha-Gulsun,35.62705,126.478775,strat,shell,,-2.74,,3120,60,,
1208,SNU01-305,상촌리,Sangchonri-Daepyeong,35.21863,127.969302,house,charcoal,,-26.9,,2830,30,FM G BM G,
1209,SNU01-302,상촌리,Sangchonri-Daepyeong,35.21863,127.969302,ditch,charcoal (annual),barley,-26,,2200,800,,
1210,SNU06-174,호평동 지사을,Jisaeul-Hopyeongdong,37.662236,127.249502,house,charcoal,,-25.04,,1490,50,,
1211,SNU06-175,호평동 지사을,Jisaeul-Hopyeongdong,37.662236,127.249502,house,charcoal,,-20.98,,1420,60,,
1212,-,대천리,Daecheonri,36.2864,127.57116,,charcoal (annual),rice,,,2070,60,,
1213,-,대천리,Daecheonri,36.2864,127.57116,,charcoal (annual),rice,,,1770,60,,
1214,-,대천리,Daecheonri,36.2864,127.57116,,charcoal (annual),rice,,,1800,60,,
1215,-,대천리,Daecheonri,36.2864,127.57116,,charcoal (annual),rice,,,1780,60,,
1216,Beta-252971,진주 평거동,Pyeonggeodong,35.16712,128.056004,pit,charcoal (annual),soy bean,-25,,4200,40,"FM G, BM G, Azuki G, Soy G",
1217,Beta-252972,진주 평거동,Pyeonggeodong,35.16712,128.056004,pit,charcoal (annual),broomcorn millet,-10.1,,4340,40,"FM G, BM G, Zuki G, Soy M, Wheat G",
1218,UCI68837,진주 평거동,Pyeonggeodong,35.16712,128.056004,house,charcoal (annual),acorn shell,,,3595,15,"FM G, BM G ",
1219,D-AMS-023232,진주 평거동,Pyeonggeodong,35.16712,128.056004,pit,charcoal (annual),wheat,,,407,24,"FM G, BM G, Zuki G, Soy M, Wheat G",
1220,-,오산리,Osanri,38.08705,128.661486,stone accumulation,charcoal,,,,4360,50,,
1221,KAERI-186,암사동,Amsadong,37.56042,127.130145,house,charcoal,,,,5510,110,,
1222,KAERI-189,암사동,Amsadong,37.56042,127.130145,house,charcoal,,,,5000,70,,
1223,AERIK-?,암사동,Amsadong,37.56042,127.130145,house,charcoal,,,,4730,200,,
1224,KCP-135,암사동,Amsadong,37.56042,127.130145,house,charcoal,,,,4660,70,,
1226,-,시도,Shido,37.54399,126.431112,strat,charcoal,,,,3040,59,,
1227,-,시도,Shido,37.54399,126.431112,strat,charcoal,,,,1963,63,,
1228,-,시도,Shido,37.54399,126.431112,strat,charcoal,,,,2470,55,,
1229,-,오산리,Osanri,38.08705,128.661486,strat,charcoal,,,,12000,50,,
1230,SNU06-916,방동리,Bangdongri,37.82827,128.878506,stone pavement,charcoal,,-27.12,,4660,60,,
1231,Beta-44978,고남리 패총,Gonamri,36.42001,126.409866,strat,charcoal,,,,3340,80,,
1232,Beta-105626,고남리 패총,Gonamri,36.42001,126.409866,strat,charcoal,,,,2910,70,,
1233,DIS170209WA022,고산리,Gosanri,33.30523,126.166461,strat,charcoal,,-17.3,0.06,5270,30,,
1234,DIS170209WA023,고산리,Gosanri,33.30523,126.166461,strat,charcoal,,-31.5,0.81,5220,30,,
1235,-,고산리,Gosanri,33.30523,126.166461,house,charcoal,,-28.7,,6290,50,,
1236,-,고산리,Gosanri,33.30523,126.166461,house,charcoal,,-25.21,,9040,60,,
1237,-,고산리,Gosanri,33.30523,126.166461,house,charcoal,,-24.39,,4180,40,,
1238,-,고산리,Gosanri,33.30523,126.166461,house,charcoal,,-27.78,,4170,40,,
1239,-,고산리,Gosanri,33.30523,126.166461,house,charcoal,,-25.36,,5610,40,,
1240,-,고산리,Gosanri,33.30523,126.166461,burnt soil,charcoal,,-25.68,,6930,50,,
1241,-,고산리,Gosanri,33.30523,126.166461,burnt soil,charcoal,,-26.36,,4240,40,,
1242,-,고산리,Gosanri,33.30523,126.166461,burnt soil,charcoal,,-26.23,,4150,40,,
1243,-,고산리,Gosanri,33.30523,126.166461,pit,charcoal,,-25.52,,4160,40,,
1244,-,고산리,Gosanri,33.30523,126.166461,pit,charcoal,,-24.73,,4190,40,,
1245,-,고산리,Gosanri,33.30523,126.166461,pit,charcoal,,-23.67,,4070,40,,
1246,-,고산리,Gosanri,33.30523,126.166461,pit,charcoal,,-26.32,,4070,40,,
1247,-,고산리,Gosanri,33.30523,126.166461,pit,charcoal,,-25.8,,4130,40,,
1248,-,고산리,Gosanri,33.30523,126.166461,pit,charcoal,,-23.63,,8800,50,,
1249,-,고산리,Gosanri,33.30523,126.166461,pit,charcoal,,-25.6,,5750,50,,
1250,-,고산리,Gosanri,33.30523,126.166461,burnt soil,charcoal,,-26.31,,7980,50,,
1251,-,고산리,Gosanri,33.30523,126.166461,burnt soil,charcoal,,-27.16,,4180,50,,
1252,-,고산리,Gosanri,33.30523,126.166461,burnt soil,charcoal,,-24.73,,8820,60,,
1253,-,고산리,Gosanri,33.30523,126.166461,house,charcoal,,-29.57,,8710,80,,
1254,-,고산리,Gosanri,33.30523,126.166461,pit,charcoal,,-24.76,,4800,40,,
1255,-,고산리,Gosanri,33.30523,126.166461,burnt soil,charcoal,,-31.8,,4170,20,,
1256,-,고산리,Gosanri,33.30523,126.166461,burnt soil,charcoal,,-29.5,,4110,20,,
1257,-,고산리,Gosanri,33.30523,126.166461,burnt soil,charcoal,,-27.6,,4170,20,,
1259,-,고산리,Gosanri,33.30523,126.166461,pit,charcoal,,-32.7,,4640,30,,
1260,-,고산리,Gosanri,33.30523,126.166461,pit,charcoal,,-28.1,,4700,20,,
1261,-,고산리,Gosanri,33.30523,126.166461,pit,charcoal,,-26.6,,7930,30,,
1262,-,고산리,Gosanri,33.30523,126.166461,pit,charcoal,,-29.4,,4160,20,,
1263,-,고산리,Gosanri,33.30523,126.166461,pit,charcoal,,-28.1,,7940,30,,
1264,-,고산리,Gosanri,33.30523,126.166461,pit,charcoal,,-26,,4680,30,,
1265,-,고산리,Gosanri,33.30523,126.166461,pit,charcoal,,-31.1,,7950,30,,
1266,-,고산리,Gosanri,33.30523,126.166461,pit,charcoal,,-30.4,,5080,30,,
1267,-,고산리,Gosanri,33.30523,126.166461,pit,charcoal,,-29.9,,4910,30,,
1268,KCP-146,가평리,Gapyeongri,38.09464,128.653335,hearth,charcoal,,,,3630,60,,
1269,KCL16-110,오등동2,Odeungdong2,33.447216,126.525473,strat,charcoal,,-26.08,,5500,40,,
1270,KCL16-111,오등동2,Odeungdong2,33.447216,126.525473,burnt soil,charcoal,,-26.97,,5420,40,,
1271,-,외도동 181-1,Oedodong 181-1,33.48579,126.438568,pit,charcoal,,-26.27,,4950,40,,
1272,SNU13-254,"금진리 458,458-1","Geumjinri 458,458-1",37.631051,129.043744,pit,charcoal,,-24.94,,3590,50,,
1273,SNU13-255,"금진리 458,458-1","Geumjinri 458,458-1",37.631051,129.043744,pit,charcoal,,-24.31,,3490,50,,
1274,SNU13-256,"금진리 458,458-1","Geumjinri 458,458-1",37.631051,129.043744,pit,charcoal,,-24.34,,3560,50,,
1275,SNU13-257,"금진리 458,458-1","Geumjinri 458,458-1",37.631051,129.043744,pit,charcoal,,-26.16,,3530,30,,
1276,SNU13-259,"금진리 458,458-1","Geumjinri 458,458-1",37.631051,129.043744,pit,charcoal,,-26.32,,4560,50,,
1277,SNU13-258,"금진리 458,458-1","Geumjinri 458,458-1",37.631051,129.043744,pit,charcoal,,-28.93,,3470,50,,
